10101	自家
10101	几师徒
10101	几姑嫂
10101	几前后
10101	你
10101	你们
10101	一个人
10101	叔伯兄弟
10101	姑嫂些
10101	大家
10101	他
10101	他们
10101	他们两个
10101	末末儿
10101	各人
10101	我
10101	我的
10101	我们
10101	别个
10101	老子
10101	们
10101	老几
10101	人家
10101	平头儿
10101	百姓
10101	东西
10101	兄弟
10102	石女子
10102	石女儿
10102	母老虎
10102	耳朵
10102	嫁二嫁的
10102	婆娘
10102	婆娘些
10102	恶鸡婆
10102	月公子
10102	男的
10102	男的些
10102	管家婆
10102	丈夫
10103	姆姆
10103	哭息狗儿
10103	女
10103	女娃子
10103	儿子
10103	儿娃子
10103	儿娃娃
10103	假男娃子
10103	压轿狗儿
10103	花猫儿
10103	婆婆大娘
10103	屙屎狗儿
10103	奶娃儿
10103	来尿狗
10103	奶娃娃
10103	费头子
10103	暴蔫子老娘儿
10103	暴蔫子老头儿
10103	毛头儿
10103	逃学狗儿
10103	老姆姆
10103	老祖
10103	祖
10103	老先人
10103	老祖宗
10103	老果果
10103	老娘儿
10103	老太爷
10103	老人公
10103	老娘子
10103	肇皮狗儿
10103	肇八狗儿
10103	小娃娃
10103	偷嘴狗儿
10103	守嘴狗儿
10103	寿星
10103	油嘴狗儿
10103	半截子
10103	幺爸儿
10103	男娃子
10103	男娃娃
10103	男娃儿
10103	尖沟子
10103	撵路狗儿
10103	青沟子
10103	娃娃
10103	莽大汉
10103	疯儿动
10103	疯儿洞
10103	公公
10104	侄女
10104	儿
10104	侄儿
10104	子
10104	子女
10104	姊妹
10104	私娃子
10104	师徒两个
10104	弟媳
10104	弟娃儿
10104	弟弟
10104	弟兄两个
10104	继母
10104	继父
10104	妻子
10104	你们两个
10104	媳妇儿
10104	姨妈
10104	姨婆
10104	姨爹
10104	姨表
10104	母亲
10104	夫妻
10104	父亲
10104	独丁丁儿
10104	独苗苗
10104	独根根儿
10104	竹根亲
10104	祖母
10104	祖父
10104	祖祖
10104	叔侄两个
10104	叔叔
10104	叔伯姊妹
10104	叔伯弟娃儿
10104	叔伯弟弟
10104	叔伯哥哥
10104	叔伯姐姐
10104	叔伯妹妹
10104	姑妈
10104	姑婆
10104	姑爷
10104	姑爹
10104	姑嫂两个
10104	武担山
10104	武都山
10104	女婿
10104	儿媳妇儿
10104	二哥
10104	二婚嫂
10104	爸
10104	妈
10104	大姨妹儿
10104	大姑子
10104	大儿
10104	大哥
10104	大伯子
10104	大姐
10104	大老婆
10104	大舅子
10104	大双儿
10104	家家
10104	家门儿
10104	家孙儿
10104	耍家
10104	耍公子
10104	瓜葛亲
10104	婆媳两个
10104	婆婆
10104	婆孙两个
10104	拖油瓶
10104	哥子
10104	哥
10104	哥老倌
10104	我们两个
10104	岳母
10104	岳父
10104	伯母
10104	伯伯
10104	伯父
10104	接脚杆的
10104	姐夫
10104	姐
10104	爷
10104	爷孙两个
10104	败家子
10104	崽崽
10104	外婆
10104	外祖母
10104	外婆家
10104	外婆屋头
10104	外爷
10104	外公
10104	外祖父
10104	外孙女
10104	外孙儿
10104	妹
10104	妹妹
10104	妹夫
10104	抱子
10104	老家婆
10104	老婆
10104	老辈子
10104	老表
10104	老挑
10104	老幺
10104	老头儿
10104	老把子
10104	老汉儿
10104	老前辈
10104	老人婆
10104	老丈母)
10104	老丈人)
10104	烧火老
10104	嫂嫂
10104	嫂子
10104	表姊妹
10104	表弟
10104	表哥
10104	表姐
10104	表妹
10104	表嫂
10104	表兄弟
10104	小姨妹
10104	小叔子
10104	小姑子
10104	小接媳妇儿
10104	小老婆
10104	小舅子
10104	小双
10104	孝孙
10104	幺女
10104	幺儿
10104	后妈
10104	后老汉儿
10104	舅侄两个
10104	舅子
10104	舅妈
10104	舅爷
10104	舅舅
10104	半子
10104	半个儿
10104	半边儿
10104	颤花儿
10104	颤翎子
10104	平肩人
10104	偏房
10104	填房
10104	连襟
10104	前后些
10104	先
10104	先人
10104	先人板板
10104	正孝子
10104	孙女
10104	孙女婿
10104	孙儿
10104	孙
10104	婶婶
10104	亲戚
10104	亲母
10104	亲家
10104	亲家母
10104	亲翁
10104	新媳妇儿
10104	新郎
10104	倌儿
10104	姻伯
10104	长辈
10104	丈母娘
10104	上门女婿
10104	两姊妹
10104	俩兄妹
10104	两师徒
10104	两叔侄
10104	两姑嫂
10104	两婆媳
10104	两婆孙
10104	两爷子
10104	两爷孙
10104	两老表
10104	两口子
10104	两舅舅
10104	两母舅
10104	两前后
10104	两亲家
10104	两嬢嬢
10104	两娘母
10104	两兄弟
10104	嬢
10104	养子
10104	双双儿
10104	双胞胎
10104	童养媳
10104	兄弟媳妇儿
10105	驼背
10105	驼子
10105	左撇子
10105	豁豁
10105	斜五点儿
10105	对对眼儿
10105	筲箕背
10105	瞟眼儿
10105	干豆
10105	𨈓巴儿
10105	长伸伸
10105	香香棍儿
10106	死人
10106	四眼人
10106	气包卵
10106	独眼龙
10106	虚哥
10106	大肚子
10106	瞎子
10106	哑巴
10106	㽿手
10106	㽿手子
10106	药罐罐
10106	药罐子
10106	黑五
10106	结巴
10106	瘸子
10106	月母子
10106	𨃅子.
10106	𨃅𨃅儿
10106	𨃅𨃅脚
10106	痨病腔腔
10106	齁包儿
10106	产妇
10106	边花儿
10106	骞巴𨈓
10106	病壳壳
10106	病坨坨
10106	孕妇
10106	双身人
10106	聋子
10107	直杠子
10107	直杠杠
10107	吃十碗儿的
10107	吃一碗儿的
10107	吃黑饭的
10107	吃相
10107	公
10107	死心眼儿
10107	死脑筋
10107	是不是的
10107	人
10107	日白匠
10107	皮匠
10107	里扯火
10107	㚻子
10107	气棒锤
10107	医穿穿儿
10107	菩萨
10107	胡子
10107	赌客
10107	土匪
10107	土操哥
10107	跍噜子
10107	乌鸦嘴
10107	五香嘴儿
10107	耳报神
10107	二水公爷
10107	二流子
10107	二桿子
10107	八嘴儿胡
10107	八字胡
10107	蛋
10107	焉儿
10107	扒手
10107	打卦婆
10107	大舌苔儿
10107	大嘴老鸹
10107	大脑壳
10107	拉皮条
10107	拉皮条的
10107	叉巴婆
10107	夹舌苔儿
10107	腝猫儿
10107	虾耙
10107	牙尖婆
10107	耍门坎儿汉儿
10107	婆婆嘴
10107	摸跟儿
10107	軃神
10107	坐班房的
10107	坐牢的
10107	梭梭
10107	梭爷子
10107	壳子客
10107	和和嗨
10107	祸篼篼
10107	祸砣砣
10107	祸砣子
10107	祸疙瘩
10107	啬家子
10107	拾物
10107	客
10107	孬火药
10107	接瓜瓢
10107	夜不收
10107	逮猫儿的
10107	抬轿子的
10107	街娃
10107	海椒虫
10107	甩手掌柜
10107	歪人
10107	背娃娃的
10107	飞机
10107	废话兜兜
10107	.贼娃子
10107	偷
10107	跟
10107	嘴筒子长
10107	龟儿
10107	鼬孙子
10107	刀刀儿客
10107	老二
10107	老坎
10107	操哥操妹儿
10107	骚棒
10107	骚哥
10107	骚鸡公
10107	好吃狗儿
10107	婊子
10107	票穿穿儿
10107	小丑
10107	臭嘴
10107	苟夹夹
10107	狗熊
10107	六指拇儿
10107	流氓
10107	油子
10107	盘心客
10107	犯人
10107	坛神
10107	烂舍物
10107	烂货
10107	烂板凳儿
10107	烂杆儿
10107	烂眼儿
10107	阐奸婆
10107	扌孱头儿
10107	三只手
10107	禅客
10107	散眼子
10107	编编匠
10107	骗子
10107	天棒
10107	钳工
10107	阎王
10107	烟哥
10107	川主菩萨
10107	穿穿儿
10107	门坎汉儿
10107	粉脸子
10107	人客
10107	吝啬鬼
10107	阴心子人
10107	横人
10107	棒老二
10107	长眼狗儿
10107	戆头子
10107	犟
10107	犟拐拐
10107	黄牛
10107	怂祸婆
10107	冲天炮儿
10107	㞞嘴狗儿
10108	第一名
10108	嘻瓜娃儿
10108	不识字的
10108	母豆儿
10108	读书人
10108	主张
10108	二百五
10108	哈巴儿
10108	假女娃子
10108	瓜娃子
10108	黑眼窝
10108	外行
10108	内行
10108	宝器
10108	泡毛鬼
10108	毛三匠
10108	叫鸡
10108	头数
10108	半罐水
10108	饭桶
10108	三脚猫儿
10108	憨巴儿
10108	憨憨
10108	旱鸭子
10108	颠颠
10108	玩友
10108	闷登儿
10108	闷头鸭子
10108	吞儿宝
10108	睁眼瞎
10108	认字的
10108	认
10108	认不倒字的
10108	文盲
10108	棒棒手
10108	莽子
10108	黄帮
10108	黄棒
10108	黄手
10108	恍恍
10108	王欻欻
10108	空花萝卜
10109	知客
10109	子子
10109	制服
10109	司机
10109	私学老师
10109	师傅
10109	使牛匠
10109	饲养员
10109	提口袋的
10109	剃头匠
10109	泥水匠
10109	锡匠
10109	医生
10109	补疤疤
10109	木匠
10109	木工
10109	伕子
10109	律师
10109	做活路的
10109	做生意的
10109	厨子
10109	厨
10109	管
10109	雇工
10109	武生
10109	二道贩子
10109	麻秆儿
10109	打铁的
10109	大班
10109	大檐帽
10109	杀猪匠
10109	杀猪的
10109	驾驶员儿
10109	下士
10109	花旦
10109	花脸
10109	拨子子的
10109	磨心
10109	舵把子
10109	舵爷
10109	伙计
10109	脚子
10109	脚夫
10109	学堂头的先生
10109	篾匠
10109	铁匠
10109	猎人
10109	接生婆
10109	待诏
10109	裁缝
10109	菜子
10109	𨱕匠
10109	开车的
10109	背子
10109	背二哥
10109	会首
10109	喂猪的
10109	报耳神
10109	跑堂的
10109	刀儿匠
10109	刀马旦
10109	老师
10109	老板
10109	老旦
10109	老栾
10109	老生
10109	照将
10109	敲当当
10109	挑夫
10109	教书先生
10109	教师
10109	轿夫
10109	小贩
10109	小旦
10109	小生
10109	幺师
10109	收荒匠
10109	手艺人
10109	吼班儿
10109	丘八
10109	搬运工
10109	担东西的
10109	弹花匠
10109	三花脸
10109	骟匠
10109	看门头儿
10109	焊洋铁壶的
10109	店员
10109	剪头的
10109	剪脑壳的
10109	捡生婆
10109	演员
10109	短工
10109	栾二
10109	栾豁
10109	关火匠
10109	元帅
10109	粉壳壳花脸
10109	撑船的
10109	临
10109	时
10109	警察
10109	青衣旦
10109	醒眼子
10109	银匠
10109	帮帮匠
10109	访察司
10109	当兵的
10109	堂倌
10109	掌墨师
10109	掌灶的
10109	掌瓢儿的
10109	掌方向盘的
10109	账房
10109	长耳朵
10109	长年
10109	将军
10109	庄
10109	装烟娃
10109	黄泥巴脚杆
10109	黄马褂儿
10109	铜匠
10109	农民
10109	中杠
10109	工人
10110	四邻八舍
10110	左邻右舍
10110	外地人
10110	外国人
10110	老外
10110	本地人
10110	城头的人
10110	乡巴佬
10110	乡下人
10110	洋人
10110	广广
10111	自己人
10111	自家人
10111	吃客
10111	师徒些
10111	师生些
10111	师兄
10111	皮条客
10111	底脚
10111	尼姑
10111	一伙的
10111	徒弟
10111	娃儿
10111	主人家
10111	孤寡老妇儿
10111	孤人
10111	巫婆
10111	乌龟
10111	女的
10111	女客
10111	女用人
10111	二把手
10111	拉亲娘子
10111	下头
10111	下滥
10111	丫头儿
10111	丫头子
10111	丫环
10111	寡母子
10111	寡公子
10111	合伙人
10111	和尚
10111	火居道
10111	学生
10111	学生娃娃
10111	学生娃儿
10111	扯师
10111	扯筋客
10111	贴心豆瓣儿
10111	买主
10111	奶子
10111	奶妈
10111	差狗儿
10111	盖面菜
10111	外头网起的
10111	外人
10111	背父子
10111	背光
10111	被告
10111	臂膀
10111	媒人
10111	肥猪
10111	嘴子
10111	会足
10111	抱膀子
10111	暴发户
10111	跑滩匠
10111	毛子
10111	毛根儿朋友
10111	道道儿
10111	讨口子
10111	老师学生些
10111	老姑娘
10111	高上
10111	嚼客
10111	叫花子
10111	楼下头
10111	楼底下
10111	楼脚下
10111	楼上
10111	仇人
10111	单身汉儿
10111	贪官
10111	男客
10111	难兄难弟
10111	烂肚皮
10111	烂脑壳
10111	散气包儿
10111	看相的
10111	安媒
10111	鞭子
10111	荐头儿
10111	先生学生些
10111	端公
10111	算命先生
10111	观花婆
10111	观仙婆儿
10111	管家
10111	冤家
10111	原告
10111	正客
10111	证人
10111	伸手大将军
10111	姘头
10111	青天
10111	清官
10111	阴阳
10111	先生
10111	滚龙
10111	赃官
10111	床下头
10111	床底
10111	光棍
10111	皇帝
10111	望门寡
10111	朋友
10111	同伙
10111	同学
10111	同谋
10111	中间人
10111	红叶婆
10111	红叶公
10111	穷骨头
10111	用人
10201	狮子
10201	四脚蛇
10201	狐狸
10201	大猫儿
10201	花猫儿猫儿
10201	骆驼
10201	梭老二
10201	蛇
10201	野物
10201	豹子
10201	猫猫
10201	老虎
10201	老鼠
10201	耗子
10201	猴子
10201	蝙蝠
10201	檐老鼠儿
10201	象
10201	黄鼠狼
10202	母驉子
10202	母猪
10202	母马
10202	母猫儿
10202	母狗
10202	土狗儿
10202	兔儿
10202	驴子
10202	驴骡
10202	猪崽崽
10202	猪儿子
10202	畜牲
10202	女猫儿
10202	马骡
10202	哈巴狗
10202	牙狗
10202	骡子
10202	脚猪
10202	奶狗儿
10202	害瘟
10202	嘴筒子
10202	水牛
10202	猫儿
10202	老母猪
10202	草狗
10202	骚羊
10202	小猪儿
10202	小牛儿
10202	牛崽崽
10202	牛儿子
10202	小羊子
10202	小羊儿
10202	羊儿子
10202	狗
10202	男猫儿
10202	山羊
10202	绵羊
10202	羊子
10202	种猪
10202	公驴子
10202	公猪
10202	公马
10202	公猫儿
10202	公狗
10203	仔鸡
10203	仔鸡公
10203	仔鸭子
10203	鸡
10203	鸡娃儿
10203	鸡娃子
10203	鸡婆
10203	鸡母
10203	鸡咯咯
10203	鸡崽崽
10203	鸡公
10203	喜鹊
10203	布谷鸟
10203	母鸡
10203	母鸭子
10203	母牛
10203	鹭鸶
10203	乌鸦
10203	鱼猫子
10203	鱼老哇
10203	鱼老鸹
10203	八哥
10203	麻雀子
10203	打鱼雀儿
10203	大红鸡公
10203	大雁
10203	家麻雀
10203	鸭子
10203	鸭青
10203	啄木鸟
10203	鸽子
10203	鹅
10203	雀雀
10203	白鹤儿
10203	鹧鸪
10203	野鸡
10203	野鸭子
10203	夜猫子
10203	夜鹰
10203	菜鸽子
10203	拐鸽子
10203	鬼冬哥
10203	贵贵阳
10203	抱鸡婆
10203	报丧鸡
10203	猫头鹰
10203	老鸭子
10203	老鸹
10203	老鹰
10203	鸟儿
10203	小鸡娃
10203	小鸡公
10203	小鸭子
10203	小鸭儿
10203	小鹅
10203	小雀雀儿
10203	斑鸠
10203	鹌鹑儿
10203	雁鹅
10203	点水雀儿
10203	恩恩儿
10203	阳雀
10203	童子鸡
10203	公鸡
10203	公鸭子
10204	鲤鱼
10204	泥鳅
10204	土蜞蚂儿
10204	乌棒
10204	居人
10204	鱼鳅
10204	鱼秧秧
10204	鱼苗苗
10204	虾子
10204	虾米
10204	螺蛳
10204	蝌蚪
10204	蠚
10204	白鲢
10204	蛇螟蚂儿
10204	鲫鱼
10204	蜞蚂儿
10204	蜞蚂蛙儿
10204	摆尾子
10204	带鱼
10204	癞疙宝
10204	海蜇
10204	海参
10204	草鱼
10204	鱿鱼
10204	蚌壳儿
10204	螃蟹
10204	鳗鱼
10204	鳝鱼
10204	鲢巴𨈓
10204	鲢鱼
10204	团鱼
10204	金鱼
10204	青蛙
10204	黄辣丁儿
10204	黄蜡丁儿
10204	黄花鱼
10204	黄鳝
10204	王八
10205	蜘蛛
10205	屎苍蝇儿
10205	屁爬虫
10205	蜜蜂
10205	米虫
10205	地乌龟
10205	地鳖虫
10205	蟋蟀
10205	扑灯蛾儿
10205	蝴蝶儿
10205	绿苍蝇儿
10205	猪儿虫
10205	蜈蚣虫
10205	曲蟮儿
10205	痲苍蝇儿
10205	马蜂
10205	蚂蚁儿
10205	蚂蚁子
10205	蚂蟥
10205	打屁虫
10205	蚜虫
10205	花姑娘儿
10205	蠚辣子
10205	蜗牛
10205	蛾蛾
10205	白蚂蚁儿
10205	墨
10205	墨蚊子
10205	蛰蛛
10205	虱子
10205	虼蚤
10205	黑蚂蚁儿
10205	蠛
10205	蝎子
10205	夜壶
10205	菜青虫
10205	飞蛾儿
10205	推屎爬
10205	雷蚣虫
10205	老母虫
10205	灶鸡子
10205	螬虫
10205	瓢虫
10205	叫鸡子
10205	叫鸡鸡
10205	叫姑姑
10205	偷油婆
10205	臭虫
10205	蚯蚓
10205	牛蚊子
10205	油蚱蚂儿
10205	饭苍蝇儿
10205	蚕子
10205	蚕帘儿
10205	蚕蛹
10205	蝉子
10205	天螈
10205	棺材头儿
10205	寸寸虫
10205	笋子虫
10205	跟斗儿虫
10205	丁丁猫儿
10205	蜻蜓
10205	金苍蝇儿
10205	萤火虫
10205	蚊子
10205	螳螂
10205	蟑螂
10205	苍蝇
10205	亮火虫
10205	黄蚂蚁儿
10205	黄丝蚂
10205	蝗虫
10205	蜂子
10205	拱背子
10205	红蜘蛛
10301	慈竹
10301	剌梨儿
10301	剌巴
10301	刺巴林
10301	刺巴笼
10301	篾块儿
10301	篾条
10301	篾片儿
10301	竹子
10301	苦栋子
10301	榆树
10301	二黄篾
10301	杉树
10301	槐树
10301	柳树
10301	斑竹
10301	楠竹
10301	三黄篾
10301	仙人掌
10301	林盘
10301	荆竹儿
10301	青篾
10301	椿芽儿树
10301	桑
10301	叶
10301	杨树
10301	黄篾
10301	黄桷树
10301	黄荆
10301	篁竹
10301	冻青树
10301	松树
10302	指甲儿花
10302	丝茅草
10302	鸡头莲
10302	鸡冠花
10302	荠荠菜
10302	木
10302	牡丹
10302	花
10302	浮藻
10302	菊花
10302	巴茅
10302	喇叭花
10302	茉莉花
10302	芍药
10302	荷花
10302	月月开
10302	月月红
10302	月季
10302	稗子
10302	海棠
10302	梅花
10302	水芙蓉
10302	水仙花
10302	桂花
10302	兰草
10302	含羞草
10302	牵牛花
10302	晚香玉
10302	万年青
10302	黄花
10302	冻桐子花
10302	桐子花
10303	耳子
10303	蘑菇
10303	白木耳
10303	带皮
10303	海带
10303	青苔
10303	银耳
10303	菌子
10303	香菇
10303	冬菇
10304	地瓜
10304	谷子
10304	五谷
10304	玉麦
10304	玉米
10304	玉麦子子
10304	大麦
10304	大春
10304	白心
10304	子红
10304	麦子
10304	水稻
10304	苞谷
10304	苞谷子子
10304	早
10304	季
10304	高粱
10304	荞麦
10304	小麦
10304	小春
10304	酒谷
10304	饭谷
10304	山药
10304	燕麦
10304	万金苕
10304	洋芋
10304	庄稼
10304	中
10304	红苕
10304	红心
10305	丝瓜
10305	石榴
10305	四季豆
10305	柿子
10305	枇杷
10305	蜜橘
10305	猕猴桃
10305	梨子
10305	梨
10305	李子
10305	荔枝
10305	鸡血李
10305	鸡心白
10305	汽柑
10305	西瓜
10305	葡萄
10305	胡豆
10305	瓠子
10305	瓜
10305	独
10305	绿豆
10305	哭呢儿
10305	苦瓜
10305	橘子
10305	芋母子
10305	芋儿
10305	芋头
10305	芋子
10305	巴地菠菜
10305	大海椒
10305	大头菜
10305	辣菜
10305	沙胡豆
10305	牙瓣儿蒜
10305	瓣瓣
10305	花菜
10305	花红
10305	菠萝
10305	菠菜
10305	魔芋
10305	萝卜
10305	火葱
10305	莴笋
10305	蛾眉豆
10305	白果
10305	白火葱
10305	白菜
10305	白菜秧儿
10305	白苋菜
10305	蛇垮皮
10305	黑豆
10305	黑豆腐
10305	苤蓝
10305	茄子
10305	海椒
10305	芥菜
10305	水果
10305	桂圆
10305	毛毛菜
10305	毛桃子
10305	毛豆角
10305	桃子
10305	枣子
10305	朝天椒
10305	草果
10305	高笋
10305	瓢瓜
10305	尿水菜
10305	小白菜
10305	小菜
10305	篼篼菜
10305	藕
10305	厚皮菜
10305	牛皮菜
10305	韭菜
10305	牛角海椒
10305	柚子
10305	西红柿
10305	南瓜
10305	山楂
10305	苋菜
10305	扁豆
10305	甜瓜
10305	甜椒
10305	莲花白
10305	芫荽
10305	蒜子
10305	软浆叶
10305	软浆子
10305	豌豆
10305	灯笼海椒
10305	橙子
10305	生菜
10305	笋子
10305	笋瓜
10305	樱桃儿
10305	杏子
10305	苹果
10305	金橘
10305	青果
10305	青菜
10305	青笋
10305	清明菜
10305	芹菜
10305	银杏
10305	春笋
10305	椿芽
10305	芒果
10305	豇豆儿
10305	相思豆
10305	香菜
10305	洋海辣
10305	洋葱
10305	广柑
10305	黄瓜
10305	黄豆
10305	冬瓜
10305	冬菜
10305	冬苋菜
10305	冬笋
10305	茼蒿
10305	龙眼
10305	葱
10305	葱白白
10305	葱头子
10305	葱叶子
10305	葱叶叶
10305	空心菜
10305	红橘
10305	红萝卜
10305	红火葱
10305	红豆
10305	红苋菜
10305	蕹菜
10306	芝麻
10306	屎棒头儿
10306	芦草
10306	鱼腥草
10306	八角
10306	茶树
10306	花生
10306	蠚麻
10306	侧耳根
10306	盖碗儿茶
10306	苕子
10306	苕菜
10306	油菜
10306	甘蔗
10306	棉花
10306	陈艾
10306	金银花
10306	菖蒲
10306	向耳葵
10306	向日葵
10306	桐子
10306	桐油树
10501	指拇儿
10501	指拇儿节节
10501	指甲壳儿
10501	指掐儿
10501	指掐子
10501	指甲儿缝
10501	翅膀
10501	智齿
10501	痣
10501	齿龈
10501	尸骨
10501	尸
10501	首
10501	尸体
10501	食指
10501	四指拇儿
10501	无名指
10501	四脚四手
10501	四手四脚
10501	鼻子
10501	鼻子尖尖
10501	鼻头儿
10501	鼻子洞洞
10501	鼻孔
10501	鼻毛
10501	鼻梁
10501	骨
10501	屄
10501	掟子
10501	脾
10501	脾脏
10501	屁股
10501	屁儿
10501	屁股沟沟
10501	屁股墩墩
10501	屁巴骨
10501	屁眼儿
10501	眉毛
10501	眯眯眼儿
10501	体子
10501	利子
10501	鸡鸡
10501	鸡巴
10501	鸡爪子
10501	鸡爪爪
10501	鸡蛋
10501	鸡眼
10501	鸡眼睛
10501	鸡冠子
10501	鸡冠冠
10501	鸡冠油
10501	鸡棍儿
10501	鸡郡肝儿
10501	脊柱
10501	虮子
10501	记记
10501	稀脏八脏
10501	膝盖
10501	医胞
10501	一个旋儿
10501	胰腺
10501	意子
10501	翳子
10501	附心油
10501	肚子
10501	肚肚
10501	肚脐儿
10501	肚脐眼儿
10501	肚囊皮
10501	秃顶
10501	绿壳壳鸭蛋
10501	乳头
10501	骨头
10501	骨头骨节
10501	苦毛
10501	苦胆
10501	乌云
10501	五脏
10501	鱼刺
10501	鱼鳍
10501	鱼甲
10501	鱼鳞
10501	鱼鳃
10501	鱼泡儿
10501	鱼蛋
10501	鱼子
10501	耳朵
10501	耳朵洞洞
10501	耳门心
10501	二指拇儿
10501	巴巴掌
10501	巴壳壳蛋
10501	麻雀儿
10501	麻因儿
10501	大拇指儿
10501	大肚皮
10501	大牙
10501	大腿
10501	大眼角
10501	大肠
10501	塌鼻子
10501	杂
10501	夹肢窝儿
10501	虾子蛋
10501	下巴儿
10501	下杂
10501	下水
10501	齿
10501	牙巴
10501	牙尖
10501	牙床
10501	鸭蛋
10501	啄啄
10501	寡蛋
10501	胯胯骨
10501	花掌
10501	凹额棱
10501	螺丝拐
10501	络耳胡
10501	锁骨
10501	鹅蛋
10501	脚
10501	脚指拇
10501	脚指甲
10501	脚底板
10501	脚肚子
10501	脚背
10501	背
10501	脚爪爪
10501	脚油
10501	脚板
10501	板儿
10501	脚尖
10501	尖
10501	脚弯弯
10501	脚掌
10501	掌
10501	雀儿屎
10501	雀斑
10501	白白
10501	白眼仁
10501	肋巴骨
10501	舌
10501	舌苔儿
10501	克膝头儿
10501	额棱
10501	黑痣
10501	黑眼仁
10501	黑眼珠
10501	黑云
10501	瘪壳
10501	铁指甲儿
10501	肋条
10501	捏坨子
10501	捏掟子
10501	谢顶
10501	缺牙巴
10501	血管
10501	胎盘
10501	奶奶
10501	奶奶嘴嘴儿
10501	奶油肚皮
10501	腮帮
10501	甩不累
10501	背脊骨
10501	披毛儿
10501	肺
10501	腿
10501	腿肚子
10501	腿胯胯
10501	腿腿儿
10501	腿弯弯
10501	嘴皮
10501	嘴巴
10501	嘴壳子
10501	水打棒
10501	水蛇腰
10501	尾椎骨
10501	胃
10501	鲍牙齿
10501	毛根儿
10501	毛孔
10501	倒拐子
10501	老指拇儿
10501	大指拇儿
10501	老光眼
10501	老花眼
10501	脑眉心
10501	脑门心
10501	脑壳
10501	脑壳顶顶
10501	骚子子
10501	少年白
10501	敲敲儿
10501	蟭
10501	尿包
10501	小指拇
10501	幺指拇
10501	小鸡儿
10501	小肚皮
10501	小麻雀儿
10501	小舌苔
10501	小腿
10501	小肠
10501	腰子
10501	杆
10501	头发
10501	肘子
10501	手指
10501	拇儿
10501	手指头
10501	手背
10501	手倒拐
10501	手板
10501	手掌
10501	手板儿心
10501	手杆
10501	手膀子
10501	手膀膀
10501	手趼趼
10501	手弯弯
10501	手腕腕
10501	沟
10501	墩
10501	狗牙齿
10501	喉包
10501	喉结
10501	喉咙
10501	喉咙管
10501	后啄啄
10501	后脑啄
10501	后颈窝
10501	纠纠
10501	酒窝
10501	窝儿
10501	酒糟鼻子
10501	牛利子
10501	牛舌苔儿
10501	板牙
10501	盘子
10501	螃蛋
10501	单眼皮
10501	单旋儿
10501	蛋白
10501	蛋蛋
10501	蛋清
10501	清
10501	蛋黄
10501	黄
10501	烂牙齿
10501	山羊胡子
10501	扇子骨
10501	肝
10501	肝子
10501	寒毛
10501	喊魂蛋
10501	连二杆
10501	连贴
10501	肩胛骨
10501	肩膀
10501	趼巴
10501	茧壳
10501	眼皮
10501	眼珠珠
10501	眼眨毛
10501	眼睛
10501	睛角
10501	眼眶眶
10501	眼圈圈
10501	断手板儿
10501	断掌
10501	卵
10501	卵蛋
10501	卵子
10501	纂纂
10501	窜脸胡
10501	蒜头
10501	横坯
10501	颧骨
10501	远视眼
10501	门牙
10501	粉刺
10501	身体
10501	肾子
10501	人中
10501	仁丹缉子
10501	鬓发
10501	颈项
10501	近视眼
10501	尽头牙
10501	青春豆
10501	青春子子
10501	心
10501	心肺
10501	心口
10501	心窝子
10501	胸口
10501	鹰钩鼻子
10501	肫肝儿
10501	帮帮
10501	膀子
10501	膀膀
10501	髈
10501	髈箍箍
10501	盲肠
10501	苍蝇儿屎
10501	肠子
10501	肠肠肚肚
10501	瓤毛
10501	肛门
10501	㝩
10501	两个旋儿
10501	杨柳腰
10501	疡子
10501	样子
10501	双眼皮
10501	双旋儿
10501	光脚板
10501	光头
10501	黄黄
10501	瞳孔
10501	中指
10501	虫牙
10501	拱嘴儿
10501	红痣
10501	红鼻头儿
10501	胸脯
10502	鸡血
10502	衁儿
10502	淤血
10502	血
10502	血衁儿
10502	衁子
10503	屎㞎衣儿
10503	屎㞎㞎
10503	鼻
10503	圿
10503	鸡屎
10503	粪
10503	猪屎
10503	耳屎
10503	㞎㞎
10503	打标点符号
10503	唾液
10503	奶水
10503	尿水
10503	头儿油
10503	周而
10503	周二
10503	狗屎
10503	口水
10503	牛屎
10503	办公
10503	蚕屎
10503	眼屎
10503	眼泪
10503	眼睛水
10503	粪脚子
10503	精水
10503	精液
10503	精
10503	清口水
10503	瓮声瓮气
10504	枝枝
10504	慈菇儿
10504	慈姑儿
10504	丝瓜布
10504	米子
10504	米米
10504	杜鹃
10504	竹
10504	树枝
10504	树
10504	树疙瘩
10504	树秧秧儿
10504	树秧子
10504	树苗
10504	谷
10504	谷怀胎
10504	谷草
10504	谷放吊
10504	橘子筋筋
10504	须须
10504	须子
10504	巴壁虎儿
10504	欛欛
10504	欛子
10504	麻秆
10504	衫针
10504	丫巴儿
10504	丫丫
10504	瓜瓢
10504	花骨朵儿
10504	花苞苞
10504	花瓣瓣
10504	花生皮皮
10504	花生衣衣
10504	花生米
10504	米
10504	花生米子
10504	花生壳壳
10504	花心心
10504	萝卜缨缨
10504	荷叶
10504	火烟包
10504	白水秧
10504	麦草
10504	麦秆
10504	麦桩
10504	桩
10504	疙蔸
10504	草把子
10504	草把把
10504	草把儿
10504	高梁秆儿
10504	豆秆
10504	油菜苔子
10504	油菜苔儿
10504	板栗
10504	干吱吱
10504	干果
10504	莲米
10504	莲心
10504	莲蓬
10504	蒜苔
10504	蒜苗
10504	喷头
10504	榛子
10504	笋壳
10504	桑果
10504	桑泡儿
10504	桑叶
10504	香蒜苗
10504	秧子
10504	秧头子
10504	秧秧儿
10504	洋蒜苗
10504	中稻米
10504	松果
10504	松毛
10504	松针
10504	蕊
10504	红叶
20101	气
20103	福喜
20103	打行架
20103	渣渣
20103	渣子
20103	嫁妆
20103	锁
20103	豁皮
20103	脚脚
20103	抬盒
20103	彩礼
20103	鞋拔子
20103	陪奁
20103	水泡菜
20103	挑
20103	朽杆儿
20103	单行架
20103	烂市
20103	烂鲊鸟儿
20103	烂朽朽
20103	干干
20103	干子
20103	念念儿
20103	献饭
20103	氽汤
20103	沉沉
20103	剩脚脚
20103	定礼
20103	青羊
20103	宫铜羊
20103	行架
20103	洋盘货
20103	双行架
20103	荒货
20103	供饭
20104	大的个
20104	哪几个
20104	哪些
20104	哪些人
20104	哪个
20104	哪点儿
20104	那些
20104	那个
20104	啥子
20104	这几个
20104	这几块
20104	这些
20104	这个
20104	样啥
20105	麻筋
20105	牙
20105	波丝网
20105	坨坨
20105	弹子
20105	片片
20105	面面
20105	粉
20105	梗砖
20105	饼
20105	网网
20105	筒子
20106	皮
20106	皮子
20106	皮面
20106	底底
20106	起花儿
20106	洗脸架
20106	架
20106	居居
20106	搭
20106	磨手手
20106	车子外头
20106	鲫鱼背
20106	盖盖
20106	背背
20106	尾子
20106	奏奏
20106	手手
20106	脸
20106	凭凭
20106	门
20106	正
20106	阴山
20106	阴面
20106	窗子外头
20106	缸子底底
20106	墙外头
20106	墙外先
20106	阳面
20201	起明星
20201	北斗星
20201	月份
20201	月亮
20201	月亮婆婆
20201	月亮弯弯
20201	太阳
20201	太阳公公
20201	彗星
20201	朝阳
20201	扫把星
20201	流星
20201	满月
20201	天河
20201	星秀儿局屎
20201	星星
20201	银河
20202	地
20202	湖
20202	土
20202	坝
20202	沙地
20202	沙坝
20202	沙沙地
20202	垭
20202	口
20202	坡
20202	沱
20202	河
20202	河坝
20202	河滩
20202	河坎
20202	海
20202	回水沱
20202	苕板田
20202	苕田
20202	洲
20202	板田
20202	半
20202	潭
20202	懒坡坡
20202	烂泥巴田
20202	烂巴儿田
20202	山
20202	山地
20202	山坡
20202	山脚
20202	暗河
20202	田坎
20202	盐碱地
20202	软脚坡
20202	泉水
20202	阴河
20202	秧脚田
20202	秧母
20202	阳山
20202	荒地
20202	冬水田
20203	辞山雨
20203	鲤鱼斑
20203	露
20203	水
20203	雾罩
20203	雨夹雪
20203	打霜
20203	大雨
20203	大雪
20203	大风
20203	炸雷
20203	瓦块
20203	火烧天
20203	火烧云
20203	火闪娘娘
20203	白头霜
20203	雪
20203	雪颗颗
20203	雪子子
20203	雪弹子
20203	台风
20203	彩霞
20203	彩虹
20203	雷
20203	暴雨
20203	毛毛雨
20203	朝霞
20203	小雨
20203	小雪
20203	小风
20203	楼梯云
20203	斑斑云
20203	闪电
20203	偏东雨
20203	绵绵雨
20203	连阴雨
20203	转转儿风
20203	晚霞
20203	旋
20203	头儿
20203	闷雷
20203	冰雹
20203	冰条条
20203	冰柱柱
20203	凌冰儿
20203	春雷
20203	云
20203	虹
20203	霜
20203	狂风
20203	风稀稀
20203	红霞
20203	红云
20204	汁水
20204	指拇儿印
20204	指纹
20204	紫檀色
20204	紫颜色
20204	石骨子
20204	日晕
20204	鼻烟色
20204	迹印
20204	气气
20204	气味
20204	洗脸水
20204	狐臭
20204	狐气
20204	土巴
20204	绿
20204	颜
20204	朱红色
20204	猪肝色
20204	古铜色
20204	雨
20204	雨水
20204	二红二红
20204	巴茅色
20204	疤
20204	发大水
20204	发洪水
20204	大水
20204	大红色
20204	沙喉咙
20204	圿圿
20204	牙黄
20204	牙屎
20204	牙垢
20204	鸭青喉咙
20204	火尾子
20204	鹅黄色
20204	脚板儿印响
20204	热水
20204	疙疤儿
20204	节疤
20204	月亮长毛
20204	月亮生毛
20204	月亮戴枷
20204	月晕
20204	奶声奶气
20204	蟹青色
20204	玫瑰色
20204	翠绿色
20204	水绿色
20204	浅绿色
20204	水锅巴
20204	水水
20204	水红色
20204	灰
20204	灰白色
20204	灰颜色
20204	味道
20204	泡菜水
20204	桃红色
20204	老盐水
20204	草绿色
20204	潲水
20204	窖水
20204	吊壶钩钩儿水
20204	豆绿色
20204	手印
20204	口臭
20204	藕荷色
20204	泹巴
20204	蛋青色
20204	蓝颜色
20204	烂泥巴
20204	汗斑
20204	汗圈圈
20204	天蓝色
20204	浅灰色
20204	浅蓝色
20204	浅黄色
20204	浅红色
20204	胭脂红
20204	烟子
20204	烟锅巴喉
20204	烟灰
20204	烟油
20204	颜色
20204	盐味
20204	铲铲
20204	粉红色
20204	冷水
20204	嫩绿色
20204	针脚
20204	深紫色
20204	深蓝色
20204	深灰色
20204	深黄色
20204	深红色
20204	声气
20204	坑坑
20204	杏黄色
20204	青
20204	新盐水
20204	阴丹蓝
20204	银灰色
20204	滚水
20204	浑水
20204	温
20204	温儿
20204	浜臭
20204	浪子
20204	藏蓝色
20204	藏青色
20204	凉水
20204	酱
20204	腔口
20204	香
20204	扬尘
20204	光线
20204	黄泥巴汤汤
20204	望天水
20204	公鸭子喉咙
20204	烘烘
20204	洪水
20204	洪峰
20204	红颜色
20204	绝臭
20301	磁铁
20301	吸铁
20301	石
20301	锡
20301	铁
20301	铁轨
20301	金子
20301	金砖
20301	银子
20301	铜
20302	纸
20302	纸媒子
20302	汽油
20302	木炭
20302	桴渣
20302	桴炭
20302	二碳
20302	炭
20302	草堆
20302	焦炭
20302	炭花儿
20302	炭圆儿
20302	岚炭
20302	青㭎柴
20302	㭎炭
20302	蜂窝煤
20302	桐油
20303	石米
20303	石步子
20303	石灰
20303	石头
20303	石头儿
20303	泥巴
20303	泥巴砖
20303	椅子款款
20303	土坯
20303	锯末子
20303	锯末面
20303	沙子
20303	衫杆
20303	瓦
20303	瓦片
20303	瓦块儿
20303	河沙
20303	鹅卵石
20303	白灰
20303	水泥
20303	刨花儿
20303	泡沙石
20303	跳磴
20303	小石头
20303	斗刮刮
20303	寿木
20303	栈栈
20303	建昌板
20303	千担
20303	签
20303	砖坯
20303	砖头儿
20303	砖块儿
20303	青砖
20303	磉礅
20303	磉礅儿坛
20303	红砖
20304	铺板
20304	锅烟子
20305	漆水
20306	玉
20306	松香
20307	复合肥
20307	化肥
20307	尿素
20307	油糕
20307	碳铵
20307	干粪
20307	氨水
20307	磷肥
20401	织布机
20401	齿轮
20401	梭子
20401	合叶
20401	火镰
20401	磬子
20401	拌桶
20401	钉子
20401	纺车
20401	风箱
20402	石碗
20402	犁
20402	犁头
20402	犁把把
20402	犁弯
20402	犁镜
20402	锄头
20402	锯锯镰
20402	鱼罩
20402	鱼钩
20402	鱼网
20402	耙
20402	大磨子
20402	挖锄
20402	磨子
20402	磨盘
20402	药碾子
20402	碓窝
20402	水车
20402	檺子
20402	钓鱼竿
20402	竿
20402	小磨子
20402	手推磨
20402	勾锄
20402	片片镰
20402	连盖
20402	镰刀
20402	尖锄
20402	笕槽
20402	碾子
20402	锛锄
20402	罾
20402	钉耙
20402	磙子
20402	风簸箕
20402	风车车
20403	十字撬
20403	鐾刀布
20403	米筛子
20403	米筛筛
20403	抵门杠
20403	门杠子
20403	剔剪
20403	剃刀
20403	理发剪
20403	起子
20403	泥
20403	胡豆筛子
20403	斧头
20403	杵杵
20403	杵棒
20403	锯子
20403	打脚棒
20403	铡刀
20403	杀口
20403	烙铁
20403	螺丝刀
20403	罗筛
20403	凿子
20403	火筷子
20403	火铲子
20403	火钳
20403	镊子
20403	抬筛
20403	柴刀
20403	菜刀
20403	筛筛
20403	鞋楦头
20403	碓窝棒
20403	推子
20403	锥子
20403	刨子
20403	刀刀儿
20403	老虎钳
20403	条剪
20403	透火扦扦
20403	狗屎夹夹
20403	锹锄
20403	牛打脚
20403	打脚
20403	棒
20403	擀面棒
20403	扁挑
20403	扁担
20403	面筛
20403	剪刀
20403	钳子
20403	拈
20403	砖刀
20403	门杠
20403	抿子
20403	钉锤儿
20403	榔头儿
20403	棒棒
20403	荡刀布
20403	敞敞
20403	钢丝钳
20403	洋撬
20403	锹
20403	洋铲
20403	黄荆条子
20403	谎壳儿
20403	铜锤
20403	龙杠
20404	尺
20404	尺片儿
20404	尺子
20404	皮尺
20404	拔火罐
20404	打火罐
20404	大头和尚
20404	角尺
20404	墨斗斗
20404	折尺
20404	台秤
20404	拐棍
20404	三角板
20404	电蛐蛐儿
20404	天平
20404	秤
20404	软尺
20404	卷尺
20404	圆规
20404	戥子
20404	等子
20404	针尖
20404	秤花
20404	秤毫毫儿
20404	秤钩钩
20404	秤盘
20404	秤杆
20404	文明棍
20404	磅秤
20405	自行车
20405	司机台
20405	私包车
20405	蒂蒂
20405	鸡公车
20405	汽车
20405	气划子
20405	渡船
20405	橹
20405	渔船
20405	耳朵车
20405	打屁车
20405	打抢轿
20405	大车
20405	刹一脚
20405	鸭篷轿
20405	花轿
20405	划子
20405	划片儿
20405	摩托
20405	舵
20405	拖斗
20405	火车
20405	火三轮
20405	货车
20405	货三轮
20405	客车
20405	拐把子
20405	对班
20405	桅杆
20405	桡片儿
20405	檺竿
20405	轿子
20405	小轿
20405	小轿车
20405	囚车
20405	板
20405	帆
20405	帆船
20405	三轮儿
20405	偏三轮儿
20405	线爬子
20405	船
20405	官轿
20405	轮船
20405	滚滚儿
20405	洋马儿
20405	装犯人的车子
20405	公共汽车
20406	的
20406	插子
20406	盒盒
20406	脚镣
20406	在
20406	铐子
20406	手插子
20406	手铐
20406	硬火
20406	梆梆枪
20406	弓子
20501	十家院琪
20501	大杂院儿
20501	四合头
20501	里屋
20501	里间
20501	佛堂
20501	住房
20501	住宅
20501	厨房
20501	屋
20501	厦
20501	过街楼
20501	卧室
20501	厕所
20501	客厅
20501	外屋
20501	外间
20501	灰房
20501	茅司
20501	茅房
20501	堂屋
20501	灶房
20501	朝门儿
20501	草棚棚
20501	草棚子
20501	吊脚楼
20501	教室
20501	楼房
20501	偏偏
20501	烟囱
20501	院坝
20501	院子
20501	墩墩
20501	正屋
20501	平房
20501	灵堂
20501	新房
20501	房子
20501	房圈
20501	场门儿
20501	讲堂
20501	厢房
20501	洋房子
20501	篷篷
20502	壁头
20502	地皮子
20502	地脚
20502	地脚石
20502	地阵板
20502	梯子
20502	梯梯
20502	篱壁
20502	篱寨
20502	基脚
20502	戏台
20502	炷头
20502	屋脊
20502	屋檐
20502	耳门
20502	杩槎
20502	过道
20502	侧门
20502	台阶
20502	晒台
20502	街檐
20502	街担坎
20502	柜台
20502	照壁
20502	楼梯
20502	走廊
20502	后门
20502	天花板
20502	扦子门
20502	扦栏子
20502	前门
20502	檐沟
20502	椽子
20502	院墙
20502	门撇撇
20502	门高头
20502	门楼
20502	门槛
20502	门枋
20502	门洞儿
20502	正门
20502	城门洞
20502	城墙
20502	檩子
20502	檩条
20502	影壁
20502	房檐
20502	窗孑
20502	窗台
20502	梁
20502	讲台
20502	阳台
20502	望板儿
20503	石板儿路
20503	死巷子
20503	死巷巷儿
20503	路
20503	大福建营巷
20503	大路
20503	火车站
20503	火巷子
20503	爵版
20503	铁路
20503	街
20503	街上
20503	老古巷
20503	小巷巷
20503	小巷子
20503	站
20503	宾隆巷
20503	巷巷儿
20503	公路
20504	堤岸
20504	猪槽
20504	槽
20504	猪圈
20504	壩
20504	马棚
20504	棚
20504	水渠
20504	水沟沟
20504	保坎
20504	狗窝
20504	牛圈
20504	堰塘
20504	圈
20504	粪坑坑
20504	粪凼凼
20504	秧堂子
20504	羊子窝
20505	仓
20506	壕沟
20508	祠堂
20508	四圣祠
20508	土地庙
20508	庙儿
20508	武侯祠
20508	碑
20508	寳光寺
20508	昭觉寺
20508	草堂寺
20508	官山
20508	关帝庙
20508	坟
20508	坟墓
20508	城隍庙
20508	神龛子
20508	金井
20508	青羊宫
20508	文殊院
20601	理发椅子
20601	衣柜
20601	椅子
20601	椅子些
20601	蒲团
20601	厨柜
20601	书柜
20601	梳妆台
20601	八仙桌
20601	𢺞
20601	马架子
20601	家具
20601	堕堕
20601	桌子
20601	柜子
20601	高板凳
20601	高凳凳儿
20601	高凳子
20601	条桌
20601	小板凳
20601	抽抽
20601	抽屉
20601	板凳
20601	办公桌
20601	帆布板凳
20601	饭桌
20601	碗柜
20601	圆桌
20601	圆凳凳儿
20601	圆凳子
20601	凭凭椅
20601	熨斗
20601	方桌
20601	方板凳
20601	躺椅
20601	香案
20601	床
20601	床铺
20601	床板
20601	床板子
20601	缝初机
20602	纸牌
20602	炙锅
20602	死疙瘩
20602	屁股包包
20602	密鸳篼儿
20602	抵针
20602	地牌
20602	锑锅
20602	提提
20602	提子
20602	鸡毛掸子
20602	鸡罩
20602	罩
20602	鸡肠带儿
20602	鸡笼
20602	笼
20602	稀鸳篼
20602	洗脚帕
20602	澡盆盆
20602	洗脸帕
20602	衣架
20602	衣排
20602	胰子
20602	布扣子
20602	布纽子
20602	铺盖
20602	铺盖里子
20602	铺盖窝儿
20602	铺盖面子
20602	铺笼罩被
20602	蒲扇
20602	壶
20602	土巴碗
20602	炉
20602	书包
20602	梳子
20602	蜀绣
20602	骨牌
20602	䀇子
20602	箍子
20602	箍箍
20602	裤
20602	腰
20602	五更鸡
20602	耳环
20602	巴耳子
20602	笆篓儿
20602	笆笼
20602	𢺞单
20602	帕
20602	抹布
20602	抹帕
20602	抹脚帕
20602	麻将
20602	马桶
20602	大锅
20602	大碓窝
20602	大扫把
20602	大伞
20602	叉叉八
20602	叉头扫把
20602	茶杯
20602	茶盅盅
20602	茶船子
20602	茶托子
20602	茶瓶
20602	察官
20602	擦板儿
20602	岔包
20602	沙罐儿
20602	沙锅
20602	加减官
20602	夹背儿
20602	匣
20602	刮屎
20602	篾
20602	卦
20602	花样官
20602	挖耳子
20602	娃娃背篼
20602	袜
20602	簸箕
20602	簸簸
20602	摩登儿粉
20602	摩登儿红
20602	拖布
20602	箩箩儿
20602	箩筐
20602	箩篼
20602	坐篼
20602	搓衣板
20602	搓搓板
20602	撮箕
20602	撮撮
20602	索子
20602	索索
20602	锅
20602	锅盖
20602	裹肚儿
20602	裹裹
20602	和牌
20602	活疙瘩
20602	火柴
20602	火盆
20602	钥匙
20602	百家锁
20602	墨线
20602	遮阳伞
20602	车车灯
20602	热水瓶
20602	黑九
20602	碟
20602	碟子
20602	铁礅子
20602	叶子烟杆儿
20602	排竿
20602	牌九
20602	菜板儿
20602	晒簟
20602	晒席
20602	盖碗儿
20602	揩脚帕
20602	揩手帕
20602	揩脸帕
20602	海碗
20602	戒指
20602	拐子
20602	筷子
20602	筷子筒筒
20602	筷子笼笼
20602	背夹子
20602	背带
20602	背篼
20602	被面儿
20602	煤
20602	煤油
20602	煤油灯
20602	肥皂
20602	嘴笼笼
20602	坠子
20602	吹火筒
20602	水壶
20602	水缸
20602	水桶
20602	睡米枕头
20602	睡沙枕头
20602	灰桶
20602	围席
20602	围桌
20602	卫生纸
20602	包包
20602	刨花儿水
20602	泡菜坛子
20602	猫耳
20602	猫儿猫儿
20602	毛毯
20602	捞捞
20602	罩子
20602	罩钩钩
20602	罩钩儿
20602	罩檐
20602	灶
20602	草纸
20602	草席
20602	草帘子
20602	筲箕
20602	烧的
20602	扫把
20602	潲
20602	潴
20602	高粱扫把
20602	瓢瓢儿
20602	瓢羹
20602	吊子
20602	吊壶
20602	吊壶钩钩儿
20602	䄪䄪
20602	条子
20602	调羹
20602	尿片
20602	片
20602	尿片子
20602	尿布包
20602	尿罐罐
20602	小锅
20602	小碓窝
20602	小扫把
20602	小偷
20602	幺四
20602	幺鸡
20602	幺六
20602	篼篼
20602	斗碗
20602	篓
20602	篓子
20602	漏瓢
20602	手纸
20602	手提箱
20602	手帕
20602	手巾
20602	手绢儿
20602	手镯
20602	圏子
20602	手表
20602	手烘笼儿
20602	首饰
20602	寿碗
20602	扣扣儿
20602	抠底
20602	扣子
20602	酒壶
20602	酒杯
20602	酒宁子
20602	牛鼻环环
20602	纽子
20602	纽袢
20602	袖笼子
20602	袖套
20602	板带
20602	板盖
20602	尖锅盖
20602	袢袢儿
20602	饭瓢
20602	饭瓢羹儿
20602	单子
20602	单单
20602	掸帚子
20602	坛子[
20602	毯子
20602	簪子
20602	三四
20602	扇子
20602	案板
20602	汗帕子
20602	棉絮
20602	面捞捞
20602	电婆子
20602	垫
20602	天牌
20602	扦扦
20602	钱包
20602	纤绳
20602	胭脂
20602	烟荷包儿
20602	烟盒子
20602	烟盒盒
20602	烟嘴嘴
20602	烟杆儿脑壳
20602	烟斗斗
20602	眼镜
20602	暖壶
20602	穿戴
20602	罐罐
20602	罐子
20602	弯边
20602	碗
20602	万字
20602	圈子
20602	鸳篼
20602	灯罩
20602	灯草
20602	灯油
20602	灯盏
20602	灯心子
20602	灯笼
20602	囤子
20602	藤绷子床
20602	针眼
20602	针鼻
20602	蒸笼
20602	枕头
20602	枕
20602	甑子
20602	甑箅儿
20602	撑花儿
20602	人七
20602	人牌
20602	瓶子
20602	瓶子盖盖
20602	明包
20602	丁丁儿
20602	顶针
20602	金箍子
20602	金戒指
20602	井绳绳
20602	井绳子
20602	镜子
20602	轻重官
20602	银箍子
20602	绳子
20602	绳绳
20602	滚边
20602	温水瓶
20602	蚊帐
20602	梆梆
20602	绑腿
20602	膀圈子
20602	膀圈
20602	胖八
20602	档档儿
20602	汤婆子
20602	汤碗儿
20602	烫壶
20602	长二
20602	长牌
20602	长三
20602	长命锁
20602	缸钵
20602	钢夹子
20602	项链儿
20602	项圈圈
20602	项圈子
20602	凉席
20602	凉虾
20602	强盗
20602	香包儿
20602	香皂
20602	洋瓷碗
20602	洋火
20602	洋油
20602	洋碱
20602	床笆子
20602	床单
20602	坝单
20602	筐筐
20602	框子
20602	荒篮儿
20602	皇帝牌
20602	黄桶
20602	望远镜
20602	翎子
20602	绷子床
20602	桶
20602	桶子
20602	笼笼儿
20602	盅盅
20602	烘罩
20602	烘笼
20602	红十
20602	红七
20602	红五
20602	红九“
20603	丝帕子
20603	光
20603	死裆裤
20603	皮鞋
20603	皮帽子
20603	皮帽
20603	皮袄
20603	鸡婆鞋
20603	旗袍
20603	西式裤儿
20603	西式裤子
20603	西服
20603	衣领
20603	衣襟
20603	衣
20603	衣裳
20603	布节节儿
20603	布鞋
20603	布巾巾
20603	猪儿帽
20603	帽
20603	裤子筒筒
20603	裤儿
20603	裤子
20603	裤脚
20603	裤腰
20603	雨衣
20603	雨鞋
20603	耳子草鞋
20603	痲窝子
20603	马褂
20603	大衣
20603	大摆
20603	叉叉裤
20603	靸片儿鞋
20603	靸板儿鞋
20603	夹背心儿
20603	下摆
20603	鸭舌帽
20603	啄啄帽
20603	瓜耳皮
20603	袜子
20603	博士帽
20603	拖鞋
20603	桌布
20603	撮撮帽
20603	蓑衣
20603	裹脚布
20603	磕头孝
20603	和尚领衫衫儿
20603	窝子草鞋
20603	脚码子
20603	百家衣
20603	蜞蚂儿衣服
20603	蜞蚂儿衣裳
20603	国服
20603	台布
20603	开裆裤
20603	鞋子
20603	鞋
20603	鞋带带
20603	鞋带子
20603	鞋底
20603	鞋底底
20603	鞋底板儿
20603	鞋脚
20603	鞋垫子
20603	躺底
20603	甩尖子
20603	外套
20603	背背裤
20603	背背裙
20603	披衫
20603	披风
20603	对门襟
20603	内衣
20603	内裤
20603	内包
20603	水鞋
20603	围嘴儿
20603	围腰
20603	围巾
20603	棉
20603	抱鸡婆鞋子
20603	帽子
20603	帽子檐檐
20603	老衣
20603	老鞋
20603	罩衣
20603	曹眼儿鞋
20603	草帽子
20603	草帽
20603	高蹬蹬
20603	表包
20603	吊裆裤儿
20603	吊裆裤子
20603	小衣
20603	小摆
20603	斗篷
20603	手套
20603	寿鞋
20603	兽鞋
20603	口水围围
20603	袖子
20603	袖口
20603	板板儿鞋
20603	反扫荡
20603	反扫荡裤
20603	反穿衣
20603	单裤儿
20603	单裤子
20603	毡窝儿鞋
20603	暗包
20603	汗衣
20603	汗褂儿
20603	褊
20603	棉衣
20603	棉鞋
20603	棉袄
20603	连脚裤
20603	连裆裤
20603	尖尖
20603	见礼孝
20603	线袜子
20603	短裤儿
20603	短裤子
20603	短大衣
20603	短靴子
20603	短膀膀儿
20603	短筒靴
20603	穿筋筋，挂籍籍
20603	灯笼裤儿
20603	灯笼裤子
20603	等等
20603	针织
20603	衬衣
20603	衬裙
20603	领
20603	领窝子
20603	紧身儿
20603	滚身
20603	军帽
20603	裙子
20603	裆
20603	长袜子
20603	长衫子
20603	长筒靴
20603	丧罩
20603	项巾
20603	封裆裤
20603	筒靴
20603	中式衣服
20603	中式裤儿
20603	中式裤子
20603	中山服
20701	哩哩呐
20701	撒拉子
20701	三脚架
20701	挡子
20702	地转转儿
20702	鸡毛
20702	不倒翁
20702	木偶
20702	偶儿
20702	木肘肘儿
20702	六子冲
20702	车
20702	羽毛球
20702	巴啷鼓
20702	耍玩意儿
20702	梭梭板
20702	足球
20702	白棋
20702	白子
20702	黑子
20702	黑棋
20702	排球
20702	台球
20702	飞标
20702	围棋
20702	炮
20702	高跷
20702	跳板
20702	牛牛
20702	贱皮子
20702	弹绷子
20702	篮球
20702	玩具
20702	兵
20702	乒乓
20702	斤肘肘儿
20702	响簧
20702	象棋
20702	风登儿
20702	风筝
20703	执照
20703	纸坨坨
20703	纸飞飞儿
20703	纸飞子
20703	自来水笔
20703	字帖
20703	私章
20703	笔记本
20703	笔架架
20703	笔架子
20703	笔套
20703	套儿
20703	笔筒筒
20703	路条
20703	八字贴
20703	发票
20703	大字本
20703	作文本
20703	锁针
20703	白墨
20703	墨汁
20703	墨笔
20703	墨盒盒
20703	墨盒子
20703	墨水
20703	墨盘
20703	砚台
20703	黑板
20703	黑板擦子
20703	黑板刷子
20703	别针
20703	撇撇
20703	夜哭帖子
20703	薛涛笺
20703	戒尺
20703	飞子
20703	税票
20703	回形针
20703	刨笔刀
20703	毛笔
20703	招牌
20703	草标标
20703	飘子
20703	蘸水笔
20703	点名册
20703	填红本
20703	传票
20703	算盘
20703	铅笔
20703	庚帖
20703	庚书
20703	八字帖
20703	请帖
20703	印
20703	文凭
20703	钢笔
20703	糨糊
20703	糨子
20703	橡皮
20703	擦子
20703	封皮
20703	公章
20704	纸人纸马
20704	司刀令牌
20704	祭幛
20704	袱子
20704	骨灰罐罐
20704	骨灰罐子
20704	哭丧棒
20704	蜡
20704	蜡烛
20704	蜡台
20704	火匣子
20704	火匣匣
20704	火炮儿
20704	爆竹
20704	吹吹儿
20704	倒头纸
20704	招魂轿
20704	叫叫儿
20704	寿枋
20704	鞭炮
20704	烟花
20704	棺材
20704	坟飘
20704	飘儿
20704	吞口儿
20704	停尸板板
20704	灵牌子
20704	灵房子
20704	灵床
20704	香炉
20704	双响
20801	芝
20801	芝麻糖
20801	脂麻糖
20801	芝麻酱
20801	子子货
20801	纸烟
20801	痣胡子龙眼包子
20801	吃的
20801	吃货
20801	吃白饭
20801	糍粑
20801	糍粑块儿
20801	什锦
20801	食子
20801	死面
20801	柿饼
20801	拭皮子
20801	皮蛋
20801	米糕糕
20801	米汤
20801	米凉粉儿
20801	蹄筋
20801	里脊
20801	沥米饭
20801	鸡汁锅贴
20801	鸡杂
20801	鸡扌哈豆腐
20801	稀饭
20801	洗澡泡菜
20801	细粮
20801	饴糖
20801	夫妻肺片
20801	胡椒
20801	胡椒粉
20801	粉儿
20801	胡椒面
20801	肚腑
20801	卤水
20801	猪鼻拱
20801	猪蹄子
20801	猪利子
20801	猪耳朵
20801	猪大肠
20801	猪
20801	猪肝
20801	猪肠子
20801	粗盐
20801	粗粮
20801	醋
20801	酥肉
20801	熟油
20801	熟油海椒
20801	熟油辣子
20801	素油
20801	鱼食子
20801	鱼干儿
20801	玉麦花儿
20801	二刀坐墩儿
20801	二刀肉
20801	粑
20801	粑粑
20801	麻姑献寿
20801	麻辣烫
20801	麻花儿
20801	麻饼
20801	麻塘
20801	马耳朵
20801	发面
20801	大货
20801	辣锅菜
20801	腊肉
20801	渣渣肉
20801	杂菜面
20801	杂拌儿
20801	杂粮
20801	鲊包儿
20801	鲊海椒
20801	茶
20801	茶叶
20801	茶母子
20801	茶油
20801	嘎嘎
20801	夹生饭
20801	虾仁儿
20801	牙牙饭
20801	芽菜
20801	瓜子
20801	寡酒
20801	挂面
20801	花椒
20801	花椒油
20801	花椒面
20801	花卷儿
20801	花生油
20801	花生糖
20801	化
20801	波丝糖
20801	玻璃
20801	开水
20801	砣砣酥
20801	萝卜干
20801	作料
20801	坐墩儿
20801	肉
20801	锅巴
20801	锅巴盐
20801	锅盔
20801	锅摊儿
20801	荷包蛋
20801	火腿
20801	贺金井
20801	窝子油糕
20801	白米
20801	白胡椒
20801	白糕
20801	白酒
20801	白眼饭
20801	白糖
20801	麦芽糖
20801	扯面条
20801	核桃
20801	黑胡椒
20801	切面
20801	叶子烟
20801	叶儿粑
20801	夜宵
20801	郭汤圆儿
20801	月饼
20801	月亮肉
20801	排骨
20801	带青
20801	太和
20801	赖汤圆儿
20801	菜
20801	菜油
20801	挨刀饭
20801	海椒面
20801	面儿
20801	芥末
20801	蟹黄
20801	背柳
20801	腰柳
20801	梅花蛋糕
20801	霉豆腐
20801	肥大
20801	肥坨坨
20801	肥肠
20801	吹吹儿稀饭
20801	随饭菜
20801	水果糖
20801	水叶子面
20801	水酒
20801	水烟
20801	水盆鸡
20801	葵花子
20801	灰毛儿
20801	灰面
20801	回锅肉
20801	烩面
20801	尾盘
20801	包子
20801	苞谷花儿
20801	苞谷泡儿
20801	包心
20801	心子
20801	泡粑
20801	泡菜
20801	泡海椒
20801	毛肚
20801	牛肚
20801	毛豆腐
20801	冒菜
20801	冒饭
20801	帽儿头
20801	刀削面
20801	刀头
20801	倒糖饼
20801	倒糖人儿
20801	醪糟儿
20801	醪糟
20801	老面
20801	老涎
20801	早稻米
20801	抄手
20801	䐬头
20801	炒面
20801	糙米
20801	烧腊
20801	烧白
20801	烧麦
20801	烧酒
20801	烧饼
20801	苕果儿
20801	臊子
20801	搅搅
20801	熬锅肉
20801	调料
20801	料酒
20801	交杯酒
20801	绞绞肉
20801	饺子
20801	俏荤
20801	消夜
20801	小米
20801	小货
20801	小蛋糕
20801	小面
20801	小汤圆儿
20801	豆豉
20801	豆腐
20801	豆腐皮
20801	豆腐乳
20801	豆腐干
20801	豆花
20801	豆油
20801	豆瓣儿
20801	豆粉
20801	豆精
20801	豆浆
20801	头菜
20801	头盘出
20801	肉丝
20801	肉皮
20801	肉皮子
20801	肉不
20801	肉片
20801	肉片片
20801	肉丁
20801	肉松
20801	扣肉
20801	藕粉
20801	酒米
20801	牛肉焦饼
20801	油炸荷包蛋
20801	油条
20801	板板货
20801	板筋
20801	馒头
20801	饭
20801	饭是生的
20801	饭米
20801	泹水
20801	蛋花儿汤
20801	蛋卷
20801	担担
20801	蘸蘸儿
20801	蘸水
20801	三合泥
20801	燃面
20801	干捞带黄
20801	干酒
20801	干盘子
20801	干面
20801	按头子
20801	咸鸡蛋
20801	咸鸭蛋
20801	咸花卷儿
20801	咸菜
20801	咸烧白
20801	旱烟
20801	边油
20801	免青
20801	免红
20801	面疙瘩
20801	面粉
20801	面筋
20801	碘盐
20801	甜花卷儿
20801	甜水
20801	甜烧白
20801	甜酱
20801	填装货
20801	连锅子
20801	煎鸡蛋
20801	煎蛋汤
20801	荧粉
20801	现
20801	烟
20801	烟丝
20801	烟锅巴
20801	烟屁股
20801	烟尾巴儿
20801	烟叶子
20801	盐
20801	盐茶蛋
20801	盐菜
20801	盐蛋
20801	蒜泥
20801	晚稻米
20801	卷子
20801	原汤
20801	门板酥
20801	粉子醪糟儿
20801	醪糟儿粉子
20801	粉丝
20801	粉皮
20801	粉条
20801	灯影儿牛肉
20801	灯笼鸡
20801	冷淡杯
20801	嫩豆花
20801	蒸蛋
20801	蒸蒸糕
20801	陈
20801	生花
20801	神仙菜
20801	笋子熬肉
20801	剩八碗儿
20801	剩八味儿
20801	剩饭
20801	跟斗儿酒
20801	冰糕
20801	冰粉儿
20801	冰糖
20801	丁丁糖
20801	零食
20801	青重
20801	清油
20801	清明粑
20801	清糖
20801	星秀儿酒
20801	春饼儿
20801	春卷儿
20801	崐鸡蛋
20801	荤菜
20801	混糖锅盔
20801	倾子子
20801	梆梆糕
20801	棒子骨
20801	𩛲𩛲
20801	方油糕
20801	当顿
20801	汤面
20801	汤圆儿
20801	汤圆儿粉子
20801	糖饼儿
20801	烫饭
20801	樟茶鸭
20801	上杂
20801	瓤子
20801	瓤瓤
20801	凉粉儿
20801	酱肉
20801	酱油
20801	香油
20801	香烟
20801	香肠
20801	响皮
20801	相料
20801	黄酒
20801	网油
20801	龙抄手
20801	中盘
20801	钟水饺
20801	粽子
20801	葱花儿
20801	冲菜
20801	松花
20801	宋嫂面
20801	红
20801	红油
20801	红蛋
20801	红轻
20801	红糖
20801	红糖醪糟儿蛋
20801	红重
20802	补药汤汤
20802	发汗药
20802	药膏
20802	药面面
20802	药
20802	膏药
20802	牛黄丸
20802	蜂糖
20803	老粉
30101	比
30101	喜事
30101	喜丧
30101	依下数
30101	打比
30101	大谱谱
30101	渣渣瓦瓦
30101	渣渣草草
30101	家务事
30101	白喜
30101	嘞们
30101	这们
30101	这么
30101	台子
30101	单媒
30101	散普孝
30101	成都教案
30101	亲事
30101	婚事
30101	丧事
30101	双媒
30102	之内
30102	子曰
30102	底底头
30102	里里头
30102	里面
30102	里头
30102	物证
30102	把凭
30102	把柄
30102	热
30102	最里头
30102	走搌
30102	板眼儿
30102	半中拦腰
30102	拦中半腰
30102	奔头
30102	人证
30102	让手
30102	望头
30103	做道场
30103	合理
30103	火门
30103	卯窍
30103	窍门儿
30103	转转
30103	方子
30103	公道
30104	吃偷偷食
30104	日子
30104	地皮风
30104	午饭
30104	牙祭
30104	耍
30104	过午
30104	瞌睡
30104	伙食
30104	夜饭
30104	睡瞌睡
30104	早饭
30104	晚饭
30104	晚餐
30104	风风儿
30104	中饭
30105	苦头
30105	犯重丧
30105	甜头
30105	关煞
30105	冤枉
30105	运气好
30105	放猋
30105	汤
30105	丧门星
30105	汪实
30105	汪只
30106	势子
30106	日食
30106	底实
30106	起鸡皮子
30106	起鸡皮疙瘩
30106	二十四个秋老虎
30106	喝嗐
30106	喝头
30106	和棋
30106	月食
30106	台面
30106	内瓤子
30106	滥白露
30106	天气
30106	天狗吃月
30106	亮
30106	端甑子
30106	酸儿辣女
30106	圣卦
30106	方向
30107	一差二错
30107	写白字
30107	写别字
30107	拐
30107	包
30107	包拳
30107	方
30107	方人
30109	窝子
30109	亏
30109	款款
30109	光框框
30201	齿齿
30201	丝丝
30201	过场
30201	块块
30201	抱鸡婆窝窝
30201	偏帽根儿
30201	分分头
30202	䫏头
30202	便宜
30202	相因
30203	系列
30203	女方
30203	打打行
30203	排行
30203	男方
30204	假老练
30204	过筋过脉
30204	火色
30204	根本
30205	二四
30205	二五
30205	刻刻
30206	立裆
30206	打扮
30206	过袖
30206	斜肩
30206	派
30206	收拾
30206	秋眉秋眼
30206	袖笼
30206	臀围
30206	肩宽
30206	眼水
30206	身材
30206	横裆
30206	相貌
30206	样方儿
30206	样样儿
30206	胸围
30207	发气
30207	尾
30207	劲仗
30208	字号
30208	立早章
30208	耳东陈
30208	禾口程
30208	牌牌儿
30208	歪号
30208	包东陈
30208	老喜
30208	老浮
30208	老摆
30208	老威
30208	老蔫
30208	老弯
30208	老顺
30208	老拱
30208	飘飘儿
30208	翘脚成
30208	斩条
30208	喊
30208	弯弓张
30208	弓长张
30209	巫
30209	巫教
30209	耳性
30209	牙巴劲
30209	画水
30209	烧蛋
30209	小满
30209	寒露
30209	惊蛰
30209	清明
30301	恶心
30301	心㽹
30302	皮绊
30302	打野食子
30302	假眉假眼
30302	人情
30303	消
30303	盘心
30303	看头
30303	眼子
30304	鬼板眼
30304	鬼名堂
30304	猫儿毛病
30304	烂药
30304	编筐筐
30304	定心汤圆儿
30304	定心丸
30306	地脉龙神
30306	鸡脚神
30306	佛
30306	无二爷
30306	无常鬼
30306	二五子
30306	二辈子
30306	骆猴儿
30306	雷公
30306	鬼
30306	鬼鬼儿
30306	老天爷
30306	灶神菩萨
30306	灶王爷
30306	天老爷
30306	龙宫
30401	独足会
30401	五湖四海
30401	家家户户
30401	婆家
30401	老人婆屋头
30401	老丈人家
30401	老丈母家
30401	老丈人屋头
30401	老丈母屋头
30401	请会
30401	娘家
30401	娘屋头
30402	资格
30402	势要
30402	老家
30402	小辈子
30402	晚辈
30402	班辈
30402	正宗
30402	平辈
30402	平班
30403	口岸
30404	礼信
30404	做百期
30404	搞惯
30404	点长明灯
30404	点脚灯
30405	做活路去了
30405	打堆
30405	活路
30405	薅刨
30405	收拾地头
30405	油大行
30405	工作
30406	喜酒
30406	一桌
30406	酒
30406	做满月
30406	做生
30406	假场合
30406	花会
30406	活摇活甩
30406	开丧酒
30406	包席
30406	倒板儿
30406	手脚
30406	油大
30406	灯会
30406	蹬打
30406	唱玩友儿
30501	满城
30501	城
30501	城里头
30502	地契
30502	杀场
30502	卡房
30502	民事
30502	命令
30502	刑事
30502	龙门阵
30503	枷担
30503	勾勾挂挂
30503	欠
30601	师
30601	旅
30601	二警察
30601	连
30601	营
30602	阵仗
30701	吃头
30702	纸币
30702	一个铜板
30702	一角
30702	钱
30702	一毛
30702	一块
30702	一元
30702	一张票子
30702	一张票儿
30702	打子
30702	大团结
30702	大洋
30702	角角子
30702	块块子
30702	钞票
30702	票子
30702	案桌
30702	袁大头
30702	银元
30702	杠子
30702	铜钱
30702	孔方兄
30703	利息
30703	利钱
30703	捐税
30704	私房
30704	数数
30704	本钱
30705	押金
30705	折耗
30705	蚀耗
30705	搞头
30705	烂账
30705	存款
30705	定钱
30706	吃雷
30706	吃缴
30706	地租
30706	路费
30706	租子
30706	火钱
30706	学费
30706	水钱
30706	盘缠
30706	零钱
30706	薪水
30706	上轿钱
30706	封封儿
30706	工钱
30706	红包
30707	纸火铺
30707	瓷器店
30707	死窝子
30707	施茶
30707	柿子园
30707	剃头挑子
30707	理发店
30707	理发铺
30707	鸡窝
30707	窝
30707	鸡毛店儿
30707	布店
30707	店儿
30707	布铺
30707	铺面
30707	赌场
30707	旅店儿
30707	杂货店儿
30707	榨坊
30707	茶铺
30707	茶馆
30707	磨房
30707	药铺
30707	药房
30707	百货店
30707	百货铺
30707	扯谎坝
30707	煤店
30707	煤铺
30707	烧房
30707	庙会
30707	幺店
30707	肉店
30707	肉铺
30707	油盐店
30707	油坊
30707	饭馆
30707	栈房
30707	面房
30707	碾房
30707	转转儿场
30707	馆子
30707	门面
30707	文具店
30707	当铺
30707	糖饼儿摊摊
30707	粮店
30802	私塾
30802	试卷
30802	医
30802	托儿所
30802	学堂
30802	考
30802	试
30802	考卷
30802	幼儿园
30802	进考场
30802	公学
30802	义学
30803	字财马儿
30803	四点
30803	谜语
30803	提土旁
30803	提手旁
30803	一竖
30803	一捺
30803	一画
30803	一个
30803	一百一十个
30803	一撇
30803	一挑
30803	一钩
30803	一点
30803	一千一百个
30803	一千九百个
30803	一万二千个
30803	一横
30803	秃宝盖
30803	土字旁
30803	字
30803	竖心旁
30803	二百十五个
30803	大字
30803	大楷
30803	拿言语
30803	说聊斋
30803	壳子
30803	壳壳
30803	火旁
30803	斜玉旁
30803	国字框
30803	带把子
30803	财马儿
30803	噻话
30803	挨球
30803	怪话
30803	回话
30803	包耳旁
30803	宝盖
30803	报路
30803	报点子
30803	毛笔字
30803	草
30803	标点符号
30803	聊天
30803	交代
30803	绞丝旁
30803	小字
30803	小楷
30803	走之底
30803	走之旁
30803	口供
30803	反犬旁
30803	反爪旁
30803	反文旁
30803	单立人
30803	单人旁
30803	单包耳
30803	三点水
30803	三万五千个
30803	干壳子
30803	偏旁
30803	千言万语
30803	言子
30803	梗拎咣啷
30803	狠话
30803	病
30803	行酒令
30803	钢笔字
30803	杠
30803	杠声杠气
30803	两点水
30803	洋码子
30803	双立人
30803	双人旁
30803	双包耳
30803	黄话
30803	黄腔
30803	黄腔黄调
30803	冲壳子
30803	空话
30803	空龙门阵
30804	四言八句
30804	数九歌
30805	历书
30805	起诉书
30805	布告
30805	书些
30805	素菜
30805	查
30805	课本
30805	草稿
30805	告示
30805	收条
30805	收据
30805	单方
30805	偏方
30805	连环图
30805	连环画
30805	验方
30805	档案
30805	洋画儿
30805	洋画片
30805	状子
30805	广告
30805	黄历
30805	重皮子话
30807	虚
30808	花花
30808	堆头
30901	跑旱船
30902	十八扯
30902	日白歌
30902	戏园
30902	戏院
30902	坝坝电影
30902	大戏
30902	话剧
30902	说书
30902	扯谎歌
30902	被单戏
30902	围鼓
30902	颠倒歌
30902	灯影儿
30902	斤肘肘儿戏
30902	京戏
30902	讲圣谕
30902	封箱戏
30902	笼笼戏
30903	体
30903	像
30904	自由泳
30904	屎棋
30904	打流星锤
30904	蛙泳
30904	台球室
30904	狗刨搔
30904	游泳
30904	弹子房
30904	仰泳
30904	冲仰粉儿
30905	痔疮
30905	闭汗
30905	鸡皮疙瘩
30905	鸡皮纤
30905	鸡摸眼
30905	鸡蒙眼
30905	漆痱子
30905	气管炎
30905	母猪风
30905	祝土
30905	粗颈项病
30905	麻子
30905	发痧
30905	打摆子
30905	大脖子病
30905	大病
30905	扎针
30905	脱肛
30905	果子泡
30905	霍乱
30905	火巴眼
30905	火牙
30905	脉
30905	隔食
30905	摆子
30905	腮腺炎
30905	疥疮
30905	背瘩
30905	粪疙瘩
30905	肺结核
30905	肺炎
30905	痱子
30905	胃病
30905	毛毛病
30905	倒欠
30905	倒茧皮
30905	痨病
30905	照电火
30905	螬气
30905	掉肠子
30905	小病
30905	哮喘病
30905	受热
30905	中暑
30905	口口
30905	齁
30905	齁包儿病
30905	瘊子
30905	瘫痪
30905	阑尾炎
30905	盲肠炎
30905	烂眉烂眼儿
30905	疝气
30905	肝炎
30905	干疮子
30905	寒二哥
30905	癣
30905	粪癣
30905	寸耳寒
30905	冰口
30905	惊风
30905	青疙瘩
30905	青头儿包
30905	伤寒
30905	羊儿风
30905	黄疸
30905	风丹
30905	风疙瘩
30905	脓包
30905	重病
31001	幅面
31001	零转来
31001	抬肩
31001	翘
31001	扣门
31001	身长
31001	深
31001	钢火
31002	十
31002	十几二十个
31002	十一
31002	十五
31002	十多天
31002	十来个
31002	十多个
31002	四
31002	四十
31002	四十一
31002	第一
31002	第一个
31002	第二
31002	第二个
31002	里把里路
31002	里把二里路
31002	七
31002	七十
31002	七十一
31002	一
31002	一个半
31002	一百
31002	一百一十一
31002	一百三
31002	一百三十
31002	一堆
31002	一号
31002	一半
31002	一千
31002	一千一百
31002	一千九
31002	百
31002	一万
31002	一万二千
31002	六
31002	六十
31002	六十一
31002	五
31002	五十
31002	五十一
31002	五千
31002	二
31002	二十
31002	二十一
31002	二的个
31002	八
31002	八十
31002	八十一
31002	八千
31002	大半边
31002	下数
31002	左右
31002	个把两个
31002	百把个
31002	百来个
31002	孬
31002	接近四十
31002	挨边四十
31002	来往
31002	挨边四十)
31002	泡十天
31002	老大
31002	朝里头走
31002	好多
31002	好多个
31002	小半边
31002	幺
31002	头一个
31002	九
31002	九十
31002	九十一
31002	半个
31002	满分
31002	全分
31002	单元
31002	三
31002	三十
31002	三百一
31002	三百六
31002	三百八
31002	三百三
31002	三天两夜
31002	三千
31002	三年两年
31002	三万五
31002	千
31002	千把
31002	千多个
31002	先不先
31002	万把块
31002	争
31002	整
31002	丙
31002	零头
31002	零分
31002	零蛋
31002	长
31002	上下
31002	两个
31003	枝
31003	只
31003	指
31003	池
31003	丝
31003	笔
31003	匹
31003	滴
31003	幅
31003	副
31003	堵
31003	炷
31003	出
31003	股
31003	句
31003	把把
31003	𣲩
31003	沓
31003	大卡
31003	卡
31003	哈儿
31003	下
31003	家
31003	挂
31003	泼
31003	朵
31003	坨
31003	桌
31003	座
31003	撮
31003	颗
31003	盒
31003	伙
31003	帖
31003	列
31003	节
31003	页
31003	排
31003	迫
31003	台
31003	届
31003	块
31003	杯
31003	批
31003	枚
31003	堆
31003	柜
31003	回
31003	回子
31003	位
31003	味
31003	刀
31003	道
31003	套
31003	瓢
31003	条
31003	交
31003	小卡
31003	手
31003	绺
31003	揪
31003	班
31003	瓣
31003	盘
31003	担
31003	坛
31003	盏
31003	灿
31003	扇
31003	篇
31003	面
31003	件
31003	段
31003	团
31003	转
31003	串
31003	罐
31003	本
31003	盆
31003	顿
31003	尊
31003	阵
31003	成
31003	层
31003	身
31003	根
31003	瓶
31003	顶
31003	锭
31003	捆
31003	趟
31003	缸
31003	辆
31003	箱
31003	幢
31003	双
31003	筐
31003	栋
31003	种
40101	巳
40101	己
40101	乙
40101	午
40101	戊
40101	甲
40101	戌
40101	亥
40101	癸
40101	未
40101	丑
40101	酉
40101	申
40101	辰
40101	壬
40101	庚
40101	丁
40101	寅
40102	吃长饭
40102	大半天
40102	哈哈儿
40102	隔哈儿
40102	年份
40102	放火炮儿那年
40103	之间
40103	个
40103	百期
40103	月底
40103	月初
40103	月中
40103	年底
40103	年初
40103	年中
40104	之后
40104	之前
40104	第二天
40104	起先
40104	以来
40104	以后
40104	以前
40104	以往
40104	去
40104	二回
40104	二天
40104	过后
40104	这阵
40104	这哈儿
40104	这个时候
40104	现在
40104	在早
40104	改天
40104	早先
40104	头回
40104	后来
40104	寒
40104	场
40104	前几天
40104	先前
40104	原先
40104	明天
40104	今天
40104	将来
40104	往年
40104	从小
40104	从今往后
40104	从此以后
40104	从今以后
40105	礼拜天
40105	喜期
40105	一月
40105	初一
40105	去年
40105	二月二
40105	大后天
40105	大后年
40105	大前天
40105	大前年
40105	腊月
40105	下一个月
40105	下半年
40105	下旬
40105	哑年
40105	寡年
40105	昨天
40105	昨年
40105	吉祥日
40105	月大
40105	月小
40105	月半
40105	太平日
40105	每
40105	每天
40105	倒牙
40105	倒春寒
40105	小年
40105	后天
40105	后年
40105	三年五载
40105	天天
40105	前
40105	前天
40105	前年
40105	年年
40105	万后天
40105	全年
40105	正月
40105	正月间
40105	明年
40105	今年
40105	晴天
40105	星期天
40105	阴
40105	闰月
40105	上半年
40105	上前天
40105	上前年
40105	上年
40105	上旬
40105	上上个月
40105	上上前年
40105	冬月
40105	中旬
40106	些
40106	一晚些
40106	二晚黑
40106	麻麻黑
40106	打麻子眼
40106	大白天
40106	哪哈儿
40106	哪个时候
40106	哪年子
40106	哪阵
40106	那哈儿
40106	那阵
40106	擦黑
40106	啥子时候
40106	下午
40106	下半夜
40106	昨
40106	白日清光
40106	白天
40106	这个月
40106	份
40106	黑了
40106	夜半三更
40106	晌午
40106	后半夜
40106	半夜
40106	三更
40106	天天晚上
40106	每天晚上
40106	前半夜
40106	晚
40106	晚上
40106	粉粉亮
40106	梗夜
40106	早八
40106	上午
40106	黄昏
40106	中午
40107	十月小阳春
40107	四时八节
40107	四柱
40107	立夏
40107	立秋
40107	立春
40107	立冬
40107	七月初七
40107	七月半
40107	乞巧节
40107	伏包秋
40107	伏
40107	天
40107	六月
40107	初
40107	初伏
40107	除夕
40107	处暑
40107	暑假
40107	数九天
40107	谷雨
40107	五黄六月
40107	二伏
40107	八字
40107	八月十五
40107	打春
40107	大暑
40107	大寒
40107	大年
40107	大年初一
40107	大年三十
40107	大端阳
40107	大端午
40107	假生
40107	夏至
40107	夏天家
40107	末伏
40107	白露
40107	倒衙
40107	烧火龙
40107	好日子
40107	小暑
40107	小寒
40107	小端阳
40107	小端午
40107	头伏
40107	漏秋
40107	秋立起来了
40107	秋包伏
40107	秋老虎
40107	秋天
40107	秋分
40107	三十晚上
40107	三伏
40107	散生
40107	赶场天
40107	寒食
40107	寒假
40107	端阳
40107	正月初一
40107	真生
40107	梗生
40107	春天
40107	芒种
40107	杨公忌日
40107	霜降
40107	封印
40107	冬至
40107	冬天
40107	中伏
40107	中秋
40107	重阳
40107	红八字
40108	岁数
40108	年龄
40201	之下
40201	之上
40201	自伙子
40201	四面八方
40201	底底下
40201	底下
40201	地下
40201	地底下
40201	高
40201	地高头
40201	西边
40201	西方
40201	西门
40201	上
40201	一路
40201	以西
40201	以下
40201	以北
40201	以外
40201	以内
40201	以南
40201	以上
40201	以东
40201	附近
40201	𡱰𡱰
40201	路西
40201	路北
40201	路南
40201	路边边上
40201	路上
40201	路东
40201	耳矢
40201	耳巴子
40201	耳光
40201	八方
40201	大门外头
40201	哪儿
40201	哪跟前
40201	那塌儿
40201	那个地方
40201	那里
40201	那儿
40201	那点儿
40201	啥子地方
40201	铧底
40201	铧口
40201	左手
40201	锅底底
40201	锅豚豚
40201	河头
40201	河边
40201	边
40201	北门
40201	城北
40201	侧边
40201	这儿
40201	这个地方
40201	这塌
40201	这跟前
40201	车子后头
40201	车子前头
40201	外头
40201	外先
40201	背后
40201	头
40201	内伙子
40201	最后一名
40201	倒数第一
40201	名
40201	吆鸭子
40201	吆尾巴儿
40201	里
40201	高头
40201	号
40201	周
40201	周围
40201	团转
40201	吼头
40201	后头
40201	后面
40201	右手
40201	半边
40201	满堂
40201	南边
40201	南方
40201	南门
40201	城南
40201	山后头
40201	山前头
40201	山上
40201	边边
40201	边边上
40201	悬悬上
40201	面前
40201	前头
40201	前面
40201	口口上
40201	碗底底
40201	碗㞘㞘
40201	碗屁股
40201	门外头
40201	门外先
40201	门背后
40201	门后头
40201	城西
40201	城西北
40201	城西南
40201	城东
40201	城东北
40201	城东南
40201	跟前
40201	旁边
40201	房子后头
40201	房子前头
40201	当门
40201	上八位儿
40201	上头
40201	墙高头
40201	墙
40201	东边
40201	东方
40201	东门
40201	中间
40202	天上
40202	乡㮟㮟
40203	地踏
40203	地方
40203	杀房
40203	月亮坝
40203	月亮坝儿
40203	太阳坝
40203	晒坝
40203	水场伙
40203	高烟囱
40203	考场
40203	小路
40203	坟地
40203	城外头
40203	城外先
40203	阴地
40203	阴凉坝
40203	阴凉坝儿
40203	场合
40203	乡
40204	石㮟㮟
40204	驯马桥
40204	渡口
40204	沙眼儿
40204	㮟㮟
40204	㮟㮟角角
40204	卡子
40204	窝窝
40204	雀雀窝窝
40204	雀儿窝窝
40204	鸟窝
40204	百花潭
40204	背楙楙
40204	水凼凼
40204	水水坑
40204	手指拇儿缝缝
40204	子眼
40204	牛滚凼
40204	三絶碑
40204	转盘
40204	井
40204	凼凼
40204	挡头
40204	蜂
50101	吃笋子炒肉
50101	吃笋子熬肉
50101	挤死
50101	鼓掌
50101	扌痲
50101	打连盖
50101	打尖
50101	奓
50101	昻
50101	哈
50101	哈及咕
50101	哈脐咕
50101	挼面
50101	揉面
50101	挖
50101	磨墨
50101	拍巴
50101	拍手
50101	解
50101	研
50101	研墨
50101	捶背
50101	拷打
50101	𢭃
50101	摌
50101	按倒
50101	陷
50101	扻
50101	挛
50101	关门
50101	㘄
50101	逞
50101	摁
50101	擤
50101	磙田
50101	搒
50101	砸
50101	砸背
50101	挄
50101	动手
50101	舂碓窝
50102	拉飞蛾儿
50102	拉纤
50102	叉起手
50102	剐
50102	扯伸
50102	㩢
50102	噻
50102	捎
50102	扳
50102	揎
50102	伸手
50102	耸
50103	嗒(dia)
50103	捏倒
50103	逮
50103	捞
50103	搊
50103	搊倒
50103	捡
50103	捡起来
50103	捡狗屎
50103	捡牛屎
50103	捡粪
50103	誊
50103	平仄
50103	掌倒
50104	举手
50104	㧯
50104	㧯手
50104	担担子
50104	担担担儿
50105	铺
50105	铺床
50105	入
50105	𢺞床
50105	码起来
50105	撒手
50105	㮟
50105	挂倒
50105	堕
50105	摞起来
50105	搁
50105	揣起了
50105	窖
50105	丢手
50105	拌
50105	安床
50105	掞
50105	掟
50105	放手
50105	散放
50105	让
50105	松
50106	滋
50106	搽药膏
50106	挂霜
50106	戴枷
50106	乆
50106	添饭
50106	生
50106	捆倒
50106	捆起
50106	绑倒
50106	绑起
50106	穬
50107	打单穿
50107	苨鞋子
50107	脱衣裳
50107	脱衣服
50107	脱鞋子
50107	离(nia)鞋子
50107	撇
50107	穿衣裳
50107	穿衣服
50107	穿百家衣
50107	登
50108	使筷子
50108	码
50108	和转
50108	扯火
50108	摆手
50108	搅
50108	搬
50108	翻跷
50108	弹指拇儿
50108	弹波囖
50108	搌
50108	迁
50108	移
50109	跐
50109	滗
50109	砺
50109	洗衣裳
50109	洗衣服
50109	洗一水
50109	洗一回
50109	洗澡
50109	洗三
50109	洗脸
50109	潽天洒地
50109	戽
50109	漱口
50109	抹不脱
50109	抹澡
50109	抹掉
50109	抹脸
50109	发叶子
50109	发水
50109	打水
50109	打扬尘
50109	擦澡
50109	擦掉
50109	欻
50109	欻脱
50109	刷牙
50109	揩掉
50109	泡茶
50109	倒茶
50109	倒酒
50109	斟酒
50109	看酒
50109	掺酒
50109	淘米
50109	淘
50109	扫猪圈
50109	舀汤
50109	帚
50109	抽水
50109	粘蝉子
50109	捡脚子
50109	涮嘴巴
50109	𢳃
50109	𢳃水
50109	浪
50110	居
50110	居个口口
50110	打叶子
50110	㔍
50110	啄
50110	划
50110	夺(U+)
50110	割
50110	宰
50110	𨱕
50110	刨
50110	掏耳朵
50110	抠鼻圿屎
50110	砍树
50110	捅
50111	打空手
50111	打甩手
50111	打摆手
50111	背起手
50111	抄起手
50111	笼起手
50112	一直走
50112	一𨃅一跛
50112	对直走
50112	走
50112	走路
50112	蹓
50112	转一圈
50112	倒倒
50112	放趟子
50112	冲
50113	䠍
50113	大步
50113	上下结构
50113	猴跳舞跳
50114	踢腿
50114	蹅
50114	靸
50114	跌脚
50114	踩假水
50114	丢卡子
50114	踮起脚
50114	顿脚
50115	立
50115	跍
50201	低头
50201	把脑壳望起
50201	摆脑壳
50201	埋脑壳
50201	抬脑壳
50201	抬头
50201	脑壳车转去
50201	摇头
50201	勾脑壳
50201	点脑壳
50201	点头
50201	点头啄脑
50202	闭眼
50202	睛
50202	眯
50202	递点子
50202	递眼色
50202	挤眼睛
50202	鼓
50202	嘘嘘眼儿
50202	眨眼睛
50202	左眼跳财，右眼跳挨
50202	鬼眨眼
50202	眼睛跳
50202	眼睛乱转
50202	眼睛睁开
50202	睁眼睛
50202	皱眉毛
50202	皱额棱
50203	努嘴
50203	打波儿
50203	扁嘴
50203	啵儿
50203	歪嘴
50204	确
50204	号倒
50204	瞟
50204	瞄
50204	看倒
50204	盯
50204	横眉瞪眼
50204	闻
50204	向起
50204	晃
50205	吃加班茶
50205	吃豁皮
50205	吃白食
50205	吃得落
50205	吃酒
50205	吃跟斗儿酒
50205	死吃烂胀
50205	𫪐
50205	打浑吞
50205	抹合
50205	喝茶
50205	喝寡酒
50205	喝酒
50205	喝闷酒
50205	饿痨饿虾
50205	嗨
50205	咬
50205	摌白钩儿
50205	扇白钩儿
50205	干孱
50205	吃憨
50205	哽
50205	抿酒
50205	胀
50205	亮堂
50205	㞞吃饿吃
50206	吃耍耍烟
50206	吃杆烟
50206	吃烟
50206	抽烟
50206	吸烟
50206	利汗
50206	气紧
50206	裹烟
50206	喝鼻子
50206	扯风箱
50206	喘
50206	猋
50206	齁包儿气喘
50207	吹叫叫儿
50207	嚎
50207	嚎盘
50207	吆二喝三
50207	吼
50207	呻唤
50301	宓头儿
50301	打宓头儿
50301	栽宓头儿
50303	潜水
50304	四仰八叉
50304	扑
50304	扑爬
50304	扑爬跟斗儿
50304	发冷
50304	打巴壁虎儿
50304	打滑
50304	打倒蹄
50304	打倒立
50304	打倒栽中
50304	打颤颤
50304	打闪闪
50304	打跟斗儿
50304	鲊牛皮，牛皮鲊
50304	扯倒提
50304	扯空心倒提
50304	跩
50304	倒桩
50304	绊倒了
50304	痒寒冷
50304	重三倒四
50305	不平
50305	扑倒睡
50305	扑起睡
50305	趴
50305	趴起睡
50305	趴倒睡
50305	侧起睡
50305	睡倒
50305	睡起
50305	躺下
50305	凭
50305	仰起睡
50306	抈
50306	弯腰
50306	卷卷
50306	蜷起脚
50306	伸腰
50306	伸懒腰
50306	躬
50306	躬腰驼背
50307	回礼
50307	还头
50401	发蔸
50401	下蛋
50401	坐月
50401	掉了
50401	小产
50401	走草
50401	流产
50401	板子
50401	翻沙
50401	转青
50401	生娃娃
50401	生蛋
50401	硬扎
50401	并
50401	泱
50403	自杀
50403	吃挂面
50403	吃癆药
50403	死
50403	死了
50403	宓死
50403	不在了
50403	没脉了
50403	落气了
50403	过世了
50403	归天了
50403	烧倒头纸
50403	烧落气钱
50403	吊颈
50403	跳河
50403	撬杆
50403	翘辫子了
50403	三长两短
50403	砍脑壳的
50403	短阳寿
50403	短嫩颠
50403	上吊
50404	吃胀
50404	倒
50404	司尿
50404	打屁
50404	打噗鼾
50404	打喝嗐
50404	打嗝
50404	打饱嗝
50404	打喷嚏
50404	打饮食
50404	化食
50404	画地图
50404	屙屎
50404	厨吊颈屎
50404	屙尿
50404	扯噗鼾
50404	扯疙瘩儿
50404	来尿
50404	解手
50404	解大手
50404	解小手
50404	吹扑打鼾
50404	尿床
50404	消食
50404	搊屎
50404	搊尿
50404	汗巴巴
50404	汗爬滴水
50404	汗鲊鲊
50404	颠尿
50404	颠屎
50404	钉倒了
50404	停食
50404	胀倒了
50405	日
50405	日屄
50405	日毬
50405	遗精
50405	肚皮大了
50405	打蛋
50405	踩蛋
50405	怀娃娃
50405	怀胎了
50405	怀孕了
50405	跑马
50405	有喜了
50405	怀娃娃了
50405	安胎
50406	做噩梦
50406	做梦
50406	发梦颠
50406	发梦冲
50406	打瞌睡
50406	啄瞌睡
50406	瞌睡来了
50406	瞌睡虫
50406	跩瞳睡
50406	睡不着
50406	睡着了
50406	闷
50406	清醒白醒
50406	醒
50406	醒豁
50406	诓
50407	肚皮空了
50407	哈吃
50407	饿了
50407	冒清口水
50407	痨
50407	痨肠刮肚
50407	痨刮刮
50407	痨垮垮
50407	䐬
50407	口干
50407	唱卧龙岗
50407	㞞
50407	㞞嘴
50408	失枕
50408	出血
50408	耳朵不好
50408	擦破皮了
50408	划盘子
50408	𨃅
50408	崴
50408	流血
50408	半边风
50408	碰倒了
50409	吃
50409	起
50409	闭气
50409	皮泡脸肿
50409	不好
50409	肚皮过
50409	肚皮痛
50409	肚子痛
50409	出麻子
50409	出水痘儿
50409	怕光
50409	痲
50409	发疟疾
50409	发烧
50409	风
50409	打干呕
50409	打干咽
50409	拉稀
50409	拉肚子
50409	哈喉
50409	化脓
50409	屙稀
50409	屙肚子
50409	屙秋痢
50409	屙浓屙血
50409	割割
50409	革革
50409	咳咳耸耸
50409	咳嗽
50409	害喜
50409	害儿
50409	内
50409	嘴巴淡得很
50409	嘴巴莫得味道
50409	脑壳晕
50409	头晕
50409	脑壳痛
50409	头痛
50409	燥火
50409	烧
50409	抽筋了
50409	抽风
50409	呕吐了
50409	又
50409	难受
50409	酸
50409	灌了
50409	灌脓
50409	生疔疮
50409	长疔疮
50409	生疮
50409	噤
50409	晕车
50409	晕船
50409	长疮
50409	伤风
50409	上火
50409	凉
50409	中风
50410	结疤
50410	归一
50410	告口
50410	好滴滴儿
50410	病好了
50410	病松
50410	病好点儿了
50501	喜欢
50501	合意
50501	了然
50501	赶口
50501	安逸
50501	安逸了
50501	欢喜
50501	醒场合
50501	放伸
50501	洋
50502	吃睁眼亏
50502	不
50502	宓
50502	摸不倒火门
50502	莫得抓拿
50502	莫奈何
50502	莫搞
50502	眼
50502	莫眼
50502	过不得
50502	憋气
50502	揣了根红苕
50502	焦
50502	焦眉愁眼儿
50502	焦眉焦眼儿
50502	焦眉烂眼
50502	要话说
50502	难过
50502	阴尸倒阳
50502	甕
50503	使气
50503	立眉竖眼
50503	气里食
50503	赌气
50503	鼓气
50503	马脸董嘴
50503	发火
50503	发毛
50503	扯横筋
50503	摆母猪阵
50503	踹
50503	鬼火冒
50503	鬼冒火
50503	鬼起火
50503	鬼火起
50503	鬼火冲
50503	冒火
50503	怄
50503	怄气
50503	生气
50503	怄粗了
50503	怄粗
50503	怄阴气
50503	冲气
50505	失神落智
50505	失惊打张
50505	日怪
50505	七上八下
50505	不了然
50505	火
50505	发齁
50505	打不倒方向
50505	打腰鼓
50505	诧
50505	诧生
50505	虾
50505	吓倒起了
50505	抓不倒缠
50505	着急
50505	撤火
50505	择人
50505	埋怨
50505	害怕
50505	搞刨
50505	是起
50505	猴急狗跳
50505	歉
50505	碜口
50505	跟斗儿扑爬
50505	黄脚黄手
50506	吃定心汤圆儿
50506	不睬
50506	耍耍搭搭
50506	清静
50506	放心
50507	忌垢
50507	忌妒
50507	感冒
50507	羡慕
50507	眼气
50507	眼睛饿
50507	眼红
50507	惯适
50507	疼惜
50507	瘾大
50507	八大
50508	腻
50508	不感冒
50508	泼烦
50508	败胃
50508	鬼抱怨
50508	讨厌
50508	吊二话
50508	烦
50508	见不得
50508	嫌
50508	弃
50508	恨
50508	䖆
50510	失悔
50510	回头
50511	舍不得
50511	爱惜
50511	造孽
50511	饶你猫儿屎
50511	要得公道，打个颠倒
50511	心痛
50512	吃不梭
50513	理视
50513	耳视
50513	巴心巴肝
50513	得
50513	下细
50513	看得起
50513	看倒看倒
50513	谙倒
50513	神
50513	张
50513	张视
50514	挤闹热
50514	打不上眼
50514	打幌子
50514	打梦脚
50514	啄梦脚
50514	甩手
50514	看西湖镜儿
50514	看西洋镜儿
50514	看稀奇
50514	看不起
50514	看扁了
50514	看孬了
50514	红不说白不说
50515	一肉
50515	码不实在
50515	趄
50515	楞
50515	肉扯
50515	肉绵
50515	犹豫
50515	三心二意
50515	然瓦
50516	多心
50516	肯信
50516	相
50517	依
50517	不服
50517	打摆摆
50517	可以
50517	要得
50517	嗖
50517	赞成
50518	思裁
50518	默
50518	好生想
50518	编方打条
50518	想
50519	估
50519	射虎
50519	猜
50519	猜谜语
50519	猜灯谜
50519	猜想
50519	怀疑
50519	谙
50520	知道
50520	刮墨
50520	会了
50520	晓得
50520	看白了
50520	认得
50520	稳起不偷
50520	懂了
50521	幸
50521	盼望
50522	默倒
50522	熬
50524	吃菌子莫忘了树疙蔸
50524	搞
50524	忧倒
50524	想起来了
50526	不得
50526	不消
50526	不犯于
50526	不行
50526	不枉自
50526	该得
50526	非…不…
50526	锤子
50526	毛鲢鱼
50526	要不得
50601	鼻龙口水
50601	哭
50601	哦吙连天
50601	流眼泪
50601	花儿
50601	流眼睛水儿
50601	干哽
50601	抿笑
50602	直眉直眼
50602	直勾勾
50602	痴眉痴眼
50602	闭嘴
50602	巴
50602	不开腔
50602	发痴
50602	发瓜
50602	发闷
50602	发麻
50602	塞嘴巴
50602	泡儿都没有冒一个
50602	泡儿都没有粗一个
50602	睁眉鼓眼儿
50602	神不愣吞
50602	神不奶胎
50603	鼓眼睛
50603	瞪眼睛
50603	睖
50603	红头花色
50604	做作
50604	做过场
50604	打假叉
50604	軃眼皮
50604	装闷
50604	装瓜
50604	装疯迷窍
50604	装猫儿识象
50605	吃宽面
50605	死皮
50605	死皮赖活
50605	发
50605	发嗲
50605	腝(ɳia)
50605	扯人来疯
50605	碍口识羞的
50605	囚皮耷脸
50605	囚脸
50605	放嗲
50606	扎劲儿
50606	展劲
50607	鼻塌嘴歪
50607	疲塌嘴歪
50607	大不嗨嗨
50607	大木胎胎
50607	萎梭
50607	萎
50607	吊甩
50607	吊
50607	懒心无肠
50607	蔫梭
50607	蔫
50701	吃百家饭
50701	吃闲茶
50701	做九不做十
50701	打烂仗
50701	颇
50701	梭边边
50701	梭空空
50701	过大年
50701	过小年
50701	过年
50701	嘿起势
50701	歇栈房
50701	拜生
50701	卖抄手
50701	卖风
50701	财神送宝
50701	捱
50701	跑滩
50701	篓起
50701	势
50701	篓势
50701	收荒
50701	搬月亮家
50701	男
50701	禅
50701	挣
50701	长尾巴
50701	雄起
50702	剃胎毛
50702	剃胎发
50702	剃头
50702	理发
50702	挤热和
50702	起来
50702	起床
50702	补补连连
50702	露衣裳
50702	做衣裳
50702	梳脑壳
50702	梳头
50702	梳辫子
50702	梳冒根
50702	梳丑纂纂
50702	午休
50702	搭炉子
50702	搭火
50702	打机器
50702	打衣裳
50702	打衣服
50702	打鞋底
50702	打整
50702	打红
50702	脸登儿
50702	纳鞋底
50702	刮脸
50702	锁眼眼
50702	锁洞洞
50702	锁眼子
50702	锁扣眼儿
50702	扯脸
50702	彆火炮儿
50702	歇气
50702	歇
50702	歇哈儿气
50702	歇凉
50702	熄灯
50702	载铺盖
50702	载纽子
50702	载扣子
50702	晒衣裳
50702	晒衣服
50702	晒太阳
50702	晒田
50702	晒水
50702	焙
50702	睡午觉
50702	煨脚
50702	烧火
50702	烤火
50702	缭
50702	修面
50702	绣花
50702	擀盘子
50702	砍脑壳
50702	鞔鞋帮帮
50702	鞔边儿
50702	点灯
50702	剪脑壳
50702	剪指甲儿
50702	捡顺
50702	穿针
50702	穿线
50702	关灯
50702	钉纽子
50702	钉扣子
50702	熨衣裳
50702	放花炮
50702	放落气火炮儿
50702	烫衣裳
50702	晾衣裳
50702	炕
50702	绗
50702	凉快
50702	向火
50702	缝衣裳
50702	缝铺盖
50702	壅脚
50703	吃大富
50703	吃砣砣肉
50703	吃伙食
50703	吃伙食团
50703	吃夜宵
50703	吃夜饭
50703	吃晚饭
50703	吃血汤
50703	吃对时饭
50703	吃早饭
50703	吃晌午
50703	吃刁巧
50703	吃毬
50703	吃满月酒
50703	吃饭
50703	吃饭了
50703	吃年饭
50703	团年
50703	吃馆子
50703	吃零碎
50703	吃零食
50703	鸡扌哈食
50703	激
50703	七个巧
50703	洗筷子
50703	一心敬你
50703	不倒椿
50703	焯
50703	独一根
50703	煮饭
50703	煮汤
50703	做菜
50703	做汤
50703	入厨
50703	五魁首
50703	二红喜
50703	八匹马儿跑
50703	八马儿飞
50703	码味
50703	码芡
50703	打底子
50703	打牙祭
50703	炸收
50703	鲊
50703	榨
50703	杀伙食
50703	杀馆子
50703	下馆子
50703	划拳
50703	划棒棒拳
50703	多吃三碗菜
50703	哥俩好
50703	过油
50703	喝洗三酒
50703	喝花宵酒
50703	和面
50703	择嘴
50703	猜指拇儿
50703	开牙
50703	开饭了
50703	会亲
50703	熬药
50703	潦
50703	搅酒
50703	巧七妹
50703	走菜
50703	勾芡
50703	六六子顺
50703	斗
50703	煍
50703	办招待
50703	办酒
50703	办席
50703	饭好了
50703	饭熟了
50703	饭吃得了
50703	泹
50703	三桃
50703	干杯
50703	赶嘴
50703	赶饭
50703	擀面条
50703	焕
50703	垫底
50703	拈菜
50703	端菜
50703	乱就乱
50703	乱平财
50703	请就请
50703	氽
50703	全打开
50703	劝酒
50703	蒸馒头
50703	淋芡
50703	紧
50703	请客
50703	就乱
50703	晕
50703	𩛲
50703	上菜
50703	凉拌
50703	两相好
50703	烹
50703	弄菜
50704	做生意
50704	打戳戳
50704	打得燃火
50704	打天天的
50704	加夜班
50704	下野力
50704	坐堂
50704	扯敞子
50704	摆摊摊
50704	摆摊子
50704	开铺子
50704	开夜车
50704	跑单帮
50704	跑龙套的
50704	炒回锅肉
50704	熬夜
50704	跳乱坛
50704	换工
50704	砸笨
50704	唱独脚戏
50704	上班
50705	试倒
50705	避鼠
50705	入席
50705	打急抓
50705	打金章
50705	坐席
50705	胎
50705	找保人
50705	告一盘
50705	又是灯影儿又是戏
50705	担过
50705	乘
50705	乘火
50705	顶竿竿
50705	从
50706	拿脸
50707	提虚劲
50707	不开风
50707	处
50707	误犯
50707	发人来疯
50707	蹅深水
50707	戳笨
50707	扯地皮风
50707	扯怪叫
50707	踩怪叫
50707	暴颤
50707	冒
50707	操嘴
50707	骚搞
50707	欧
50707	欧起
50707	板浪子
50707	颤
50707	干肇
50707	玩格
50707	摁脚
50707	放大水筏子
50707	充狠
50707	充行事
50708	使
50708	积肥
50708	打平伙
50708	过挑过选
50708	折
50708	择期
50708	扯股子
50708	对
50708	挑选
50708	投
50708	搬得倒家
50708	干得
50708	看日子
50708	铲草皮
50708	算倒
50708	选择
50708	存钱
50708	梗抬
50708	上会
50708	两半边
50708	壵
50708	用
50709	里路…里路…
50709	出去了
50709	去了
50709	打倒退
50709	㮟位
50709	卡轮子
50709	躲
50709	躲摆子
50709	梭
50709	越狱
50709	排输子
50709	带汞子
50709	退包袱
50709	坠
50709	跑
50709	找
50709	找倒了
50709	朝外头
50709	朝外头走
50709	朝外先走
50709	朝前
50709	吊线
50709	赶
50709	揞
50709	撵
50709	阴倒
50709	放线
50709	上山
50709	藏
50709	往来
50710	掷色子
50710	吃书茶
50710	识脚拳儿
50710	识手拳儿
50710	识拳儿
50710	地八
50710	踢毽
50710	骑马马肩
50710	砌长城
50710	砌砖
50710	木头人
50710	赌
50710	估麻估妹儿
50710	打麻将
50710	打野鸭子
50710	打财马儿
50710	打水仗
50710	打漂漂
50710	打水漂漂
50710	打𢭃凑
50710	打广子
50710	砸墩墩儿宝
50710	瞎子摸围鱼
50710	抓子
50710	啄毽
50710	耍耍
50710	耍小龙
50710	耍钱
50710	划甘蔗
50710	摸糖饼儿
50710	捉迷藏
50710	搓转转儿
50710	和五
50710	彆弹子
50710	拍豆腐干儿
50710	摆街街
50710	逮猫儿
50710	猜中指拇儿
50710	甩色子
50710	吹的的机
50710	老鹰叼鸡儿
50710	漂
50710	跳房
50710	跳橡筋
50710	绳
50710	跳拱
50710	斗鸡
50710	斗虫虫
50710	𢭃十四
50710	走街街
50710	抽签
50710	抽中指拇儿
50710	收红桃
50710	丢窝儿
50710	丢色子
50710	牛儿耖田
50710	牛耕田
50710	搬砖
50710	扮姑姑筵儿
50710	扮客
50710	翻
50710	三挤一
50710	干倒板儿
50710	赶耍
50710	赶𢭃凑
50710	赶流流场
50710	赶场
50710	变狗
50710	装狗
50710	点脚斑儿
50710	点脚斑斑
50710	天九
50710	牵恩恩儿
50710	划戳
50710	转耍
50710	转糖饼儿
50710	滚铁环
50710	上街
50710	藏猫儿
50710	逛
50710	蒙猫儿官
50710	中三
50710	拱猪
50711	吃定婚酒
50711	吃新媳妇儿酒
50711	吃喜酒
50711	离婚
50711	打脱离
50711	祭轿
50711	出嫁
50711	出姓
50711	书庚
50711	娶亲
50711	大下定
50711	嫁女儿
50711	嫁二嫁
50711	嫁人
50711	下定
50711	耍朋友
50711	花夜
50711	花宵
50711	过抬盒
50711	合水八字
50711	接媳妇儿
50711	接婆娘
50711	结二道婚
50711	结亲
50711	结婚
50711	写婚书
50711	拜天地
50711	拜堂
50711	开脸
50711	开亲
50711	退八字
50711	报期
50711	倒插门
50711	讨八字
50711	草八字
50711	小下定
50711	要八字
50711	要庚书
50711	偷人
50711	口八字
50711	扇盒盒
50711	砍草帘子
50711	看人
50711	点大蜡
50711	填庚书
50711	成亲
50711	升轿
50711	定婚
50711	定亲
50711	订日子
50711	请庚帖
50711	放人户
50711	上轿
50711	相亲
50711	送八字
50711	送陪奁
50711	送嫁妆
50712	毕七
50712	闭殓
50712	做家祭
50712	出丧
50712	除孝
50712	除服
50712	哭丧
50712	发饿丧
50712	发饱丧
50712	发丧
50712	打金井
50712	打丧火
50712	下金井
50712	脱孝衣
50712	带孝
50712	披麻带孝
50712	垒坟
50712	包孝帕子
50712	烧七
50712	烧袱子
50712	烧金井
50712	嚎丧
50712	孝帕子
50712	守孝
50712	守灵
50712	捡金
50712	软埋
50712	奔丧
50712	上坟
50712	送火
50712	送丧
50801	吃两头望
50801	二红二喜
50801	走红
50802	吃闷炮儿
50802	冷
50802	杵起
50802	昻㮟
50802	戳火
50802	戳拐
50802	扯拐
50802	背时
50802	背时倒灶
50802	遭事
50802	遭雷打了
50802	幺不倒台
50802	吞儿不圆
50802	整肇了
50802	捅祸事
50803	胡了
50803	阁了
50804	蹅虚了脚
50804	垮杆
50804	栽跟斗儿
50804	翻跟斗儿
50804	退神光
50804	倒灶
50804	漏黄
50804	喊黄
50804	捹
50805	起坎
50805	一举两得
50805	划得着
50806	吃泻药
50806	遭烧
50806	遭烫
50806	遭烧蜷了
50806	搞不着
50806	砍䐬头
50806	放狗撵羊子
50807	吃糖
50807	升级
50808	出洋相
50808	出丑
50808	戴绿帽子
50808	闹笑话
50808	丢人
50808	尖脑壳
50808	当面丢底
50808	丧德
50809	吃欺头
50809	吃洗洗砂
50809	吃福喜
50809	吃巴片儿
50809	吃和
50809	吃抹和
50809	吃裹搅
50809	吃安胎
50809	占起手
50809	扌孱
50809	捡欺头
50810	取起
50810	拿给
50810	塞炮眼儿
50810	挨夹食伤寒
50810	挨夹石
50810	挨叨
50810	挨骂
50810	挨说
50810	挨球戳脸
50810	球
50810	挨闷棒
50810	挨阴碇子
50810	挨黑打
50810	挨黑拳
50810	背过
50810	被
50810	水淹了
50810	遭
50810	淹水了
50810	当炮灰
50810	塞炮眼
50811	戳脱
50811	丢
50813	承头
50813	抢路
50813	抢房
50814	吃转转儿
50814	会
50814	三个成群，五个打浪
50814	三三两两
60102	理抹
60102	挼
60103	压堂子
60103	肘起
60103	扳庄
60104	引
60105	出榜
60105	巴榜
60105	发榜
60107	支嘴
60107	使嘴
60108	私访
60108	核核儿
60108	对证
60109	罢免
60109	下台
60109	开销
60109	交厨
60109	免职
60109	上任
60109	封
60110	宰子
60111	记倒
60111	画押
60111	报考
60111	报奏销
60111	按指拇
60111	按手印
60112	起大名
60112	起学名
60112	起小名
60112	写倒笔画
60112	写倒笔顺
60113	不要
60113	嫑
60114	来气
60115	取重
60115	摌坐礅儿
60116	开衙
60116	开印
60116	请假
60116	放假
60202	洗茶碗
60202	喜茶碗
60202	搭股子
60202	打瓜
60202	抓药
60202	买火
60202	买药
60202	卖火
60202	开价
60202	开张
60202	趸
60202	保本
60202	捞梢
60202	扳本儿
60202	办陪奁
60202	喊价
60202	拣药
60202	赚钱
60202	还价
60202	整倒了
60202	挣钱
60203	补须子
60203	纳税
60203	交税
60203	收账
60203	上税
60204	记账
60204	做账
60204	入账
60204	给
60204	开茶钱
60204	会茶钱
60204	招呼茶钱
60204	𢭃硬
60204	盘点
60204	喊茶钱
60205	敷汤药
60205	租房子
60205	拉海账
60205	押
60205	写房子
60205	赔
60205	敲敲儿钱
60205	敲敲儿利
60205	要账
60205	当房子
60206	吃相因
60206	一共
60206	折本
60206	亏本
60206	倒贴
60206	老窖
60206	掉字
60206	漏字
60206	总共
60301	起房子
60301	打灶
60301	割寿枋
60301	汇醪糟
60301	撬砖
60301	修房子
60301	滚砖
60301	上梁
60305	漂白
60306	一品排
60308	比衣裳
60308	比衣服
60308	看风水
60308	量衣裳
60308	量衣服
60310	失窝
60310	犁田
60310	田
60310	打谷
60310	打麦
60310	撒谷子
60310	压条
60310	抓粪
60310	挖地
60310	秧
60310	割谷子
60310	栽
60310	栽树
60310	栽秧
60310	抄田
60310	薅
60310	薅草
60310	薅秧子
60310	淹田
60310	短颠
60310	铲秧
60310	镇纸
60310	𢳃尿水
60310	𢳃粪
60310	春耕
60310	上肥
60310	上粪
60310	浆窝子
60310	双抢
60310	种树
60310	松土
60311	罩鱼
60311	钓鱼
60311	搬罾
60312	洗
60312	过
60312	喜
60312	骟鸡
60312	骟猪
60312	骟马
60312	赶脚猪
60312	放敞
60402	下轿
60402	开路
60402	笕
60403	抵拢
60403	抵拢倒拐
60403	回来了
60403	回屋了
60403	回家了
60403	倒左拐
60403	倒拐
60403	倒右拐
60403	到
60403	照原路走
60403	走回去
60403	往左拐
60403	往回走
60403	往右拐
60403	往右边拐弯
60501	六腊之战
60501	六腊战争
60501	穿牛鼻子
60501	上课
60502	识字
60502	复习
60502	读书
60502	读望天书
60502	夹磨
60502	逃学
60502	操扁挂
60502	念书
60502	认字
60502	温书
60502	上学
60503	背书
60504	展言子
60505	起稿子
60505	起草
60505	稿
60505	打稿子
60505	择菜
60505	代书
60505	临帖
60506	比舞
60506	打围鼓
60506	打尖子
60506	耍魔术
60506	跳舞
60506	抖脚杆
60506	吼秧歌
60506	扭秧歌
60506	唱
60506	嘣嚓嚓
60508	撑士
60508	上士
60508	支士
60508	老
60508	舞狮子
60508	拔河
60508	打𨃅𨃅脚
60508	打台球
60508	打弹子
60508	打球
60508	打将
60508	下棋
60508	耍狮子
60508	落士
60508	落象
60508	飞象
60508	跳𨃅𨃅脚
60508	跳水
60508	跳高
60508	跳花绳
60508	跳远
60508	跳沙坑
60508	跳绳
60508	摌牛牛儿
60508	摌板儿
60508	砍
60508	掟飞标
60508	拱兵
60509	打布殻儿
60509	打背殻儿
60509	上色
60510	比球
60510	赛球
60511	吃药
60511	吃阳尘水
60511	医病
60511	祛风
60511	把脉
60511	打毒
60511	打胎
60511	打螬虫
60511	打螬气
60511	刮痧
60511	摸脉
60511	抹药膏
60511	扯痧
60511	接生
60511	开药单子
60511	开方子
60511	号脉
60511	看
60511	看病
60511	捡娃娃
60511	捡生
60511	工
60511	请医生
60511	上药
60511	种牛痘
60602	丢翻
60603	打仗
60603	搬人
60604	守嘴
60606	彆
60607	搁平
60701	打官司
60701	那话来说
60701	挂红
60701	报盘
60701	招认
60701	告地状
60701	告状
60701	上告
60702	逮捕
60702	一窝端
60702	一锅端
60703	退堂
60703	判
60703	宣判
60703	审案子
60704	吃花生米
60704	吃过刀面
60704	罚牙祭
60704	押倒
60704	押起
60704	来
60704	关倒
60704	关起
60704	坐班房
60704	坐监
60704	坐牢
60704	房
60704	敲沙罐
60704	吊鸭儿浮水)
60704	斩首
60704	顶板凳
60704	进市大监
60705	保释
60705	放
60706	吃独食子
60706	吃花酒
60706	吃整黄
60706	吃混糖锅盔
60706	打起发
60706	打冒诈
60706	拉肥猪
60706	拉命债
60706	撒窝子
60706	刮油
60706	刮鬼皮
60706	摸
60706	拖
60706	塞包袱
60706	胎包袱
60706	抱童子
60706	涝
60706	敲棒棒
60706	受贿
60706	翻船
60706	翻云梯
60706	犯法
60706	犯罪
60706	煸
60706	行贿
60706	放血
60706	放水
60801	吃青
60801	吃长寿面
60801	出天行
60801	出天方
60801	许愿
60801	打发新碗儿
60801	嫁毛虫
60801	压床
60801	耍水龙
60801	接粮米
60801	接五谷
60801	谢坟
60801	踩新桥
60801	退煞
60801	烧香
60801	点香
60801	燃香
60801	摇嫩竹妈
60801	偷泥娃娃
60801	偷瓜
60801	偷月饼
60801	偷寿碗
60801	偷青
60801	偷新碗
60801	偷汤圆
60801	偷红灯
60801	偷檐灯儿
60801	走百病
60801	游百病
60801	搬金砖
60801	拌药罐
60801	罐儿
60801	庆坛
60801	上供
60801	送瓜
60801	送寿碗
60801	送年
60801	送新碗
60801	送红灯
60801	供起
60802	出家
60802	卖劝世文
60802	阐板儿
60802	念经
60802	上庙
60804	避煞
60804	七庚
60804	数罗汉儿
60804	八字不干净
60804	八字干净
60804	八败
60804	打卦
60804	下八字
60804	下阴
60804	压轿
60804	泼潲水
60804	摸青羊
60804	合八字
60804	拆字
60804	改八字
60804	回煞
60804	回车马
60804	跳神
60804	求签
60804	喊魂
60804	算卦
60804	算命
60804	阴卦
60804	阳卦
60901	吃九斗碗儿
60901	吃九
60901	大
60901	吃油大
60901	依教
60901	一来二去
60901	涂了
60901	住九
60901	做客
60901	发请帖
60901	打搅围儿
60901	拉关系
60901	下请帖
60901	耍十
60901	画了
60901	抹了
60901	落教
60901	坐十
60901	接
60901	接新媳妇儿
60901	接新娘子占
60901	拜寄
60901	拜客
60901	拜干爹
60901	拜新年
60901	拜访
60901	甩死耗子
60901	陪客
60901	回拜
60901	回门
60901	走亲戚
60901	走人户
60901	勾了
60901	丢死耗子
60901	探监
60901	看个人
60901	看犯人
60901	见面
60901	串门
60901	清十家牌
60901	还愿
60901	䠮
60901	亲候
60901	迎亲
60901	应酬
60901	放黄
60901	当客
60901	撞拜
60901	网
60901	送客
60901	送亲
60902	吃三百杯
60902	做媒
60902	做红
60902	二恍恍
60902	说媒
60902	说对象
60902	说人户
60902	说亲
60902	待承
60902	待承客人
60902	介绍对象
60902	鬼画桃符
60902	招待
60902	招待客人
60902	吆
60902	吆出去
60902	撵出去
60904	指指戳戳
60904	伸伸戳戳
60904	提起
60904	衣呜呀呜
60904	㘗
60904	搭白
60904	搭野白
60904	打胡乱说
60904	打告告
60904	插嘴
60904	夻
60904	岔
60904	嗒起
60904	啰嗦
60904	裸连
60904	说话
60904	说黄话
60904	说梦话
60904	扯五𢭃六
60904	扯把子
60904	接嘴
60904	摆龙门阵
60904	筛边打网
60904	开腔
60904	开黄腔
60904	冒皮皮
60904	冒把
60904	唠叨
60904	炒陈饭
60904	苕道
60904	吊起嘴巴乱说
60904	嚼牙巴
60904	𢭃耳朵
60904	漏眼儿
60904	谈茶
60904	喊明
60904	叫响
60904	喊醒
60904	喊明叫醒
60904	喊明叫白
60904	短
60904	登儿啊噹的
60904	明砍
60904	张嘴
60905	支
60905	挤眉眨眼
60905	起风
60905	铺排
60905	嘱咐
60905	出谜语
60905	嘘
60905	答应
60905	下报单
60905	耍死狗
60905	耍死皮
60905	说
60905	扯回销
60905	赖
60905	报喜
60905	报信
60905	告诉
60905	漏话
60905	丢信
60905	点水
60905	审
60905	审倒
60905	认了
60905	认黄
60905	访人户
60905	通知
60906	刺儿
60906	诬告
60906	骂
60906	打头子
60906	打燃火
60906	踏削
60906	下滥药
60906	夺背脊骨
60906	怪
60906	抱怨
60906	猫儿洗脸
60906	叨
60906	挖苦
60906	啭
60906	放烂药
60906	冲柁子
60906	熊
60907	四季发财
60907	祝寿
60907	撒帐
60907	挼包包散
60907	拜节
60907	拜年
60907	闹
60907	新
60907	闹丧
60907	招呼
60907	逗新媳妇儿
60907	三天不分大小
60907	暖房
60907	关秧门
60907	听房
60907	砸新媳妇儿
60907	上寿
60907	送开门点心
60908	谢谢
60908	谢红
60908	感谢
60908	送红蛋
60909	不送了
60909	得承
60909	劳慰
60909	劳为
60909	请转了
60910	下话
61001	过礼
61001	赶礼
61001	信
61001	赶月礼
61001	送礼
61001	送节
61001	送月礼
61001	送端阳
61001	送团年
61001	送中秋
61002	移交
61002	打调
61003	立字据
61003	服
61003	打条子
61003	垮肩膀
61003	甩袖头子
61003	皈依佛法
61003	包包散
61003	抖摆
61003	溜肩膀
61003	冤
61003	方圆
61003	𨈓让
61003	将就
61003	同意
61004	积口徳
61004	出主意
61004	搭力
61004	打发
61004	打下手
61004	打条
61004	打烂条
61004	打帮锤
61004	鲊起
61004	鲊牆子
61004	搊起
61004	帮
61005	搭个眼睛
61005	经佑
61006	吃轮供
61006	吃转转儿饭
61006	抱
61006	供
61101	吃茶
61101	吃讲茶
61101	日妈捣娘
61101	日诀
61101	抵背脊骨
61101	抵肋巴骨
61101	骂架
61101	打嘴巴仗
61101	打拗卦
61101	打闲锤
61101	岔猫儿尿
61101	刮胡子
61101	伙倒闹
61101	扯
61101	扯牙巴劲
61101	扯筋
61101	扯筋角逆
61101	抬杠
61101	对嘴
61101	嘴
61101	卯
61101	闹架
61101	嘈林
61101	吵架
61101	展牙巴劲
61101	展嘴劲儿
61101	编
61101	䠮倒闹
61101	牚
61101	顶嘴
61101	横扯
61101	讲礼信
61101	狂
61102	杵
61102	伤负
61102	搡
61103	吃冒诈
61103	日白扌滑(nia,xBF)谎
61103	马
61103	马干吃净
61103	苨白
61103	耍板眼儿
61103	耍秤
61103	耍横
61103	说笑
61103	过话
61103	豁
61103	豁豁哄哄
61103	扯朵子
61103	扯幌子
61103	扯响簧
61103	谎乜
61103	盖倒
61103	挨棒棒
61103	吹毛求疵
61103	猫儿盖屎
61103	𢲵翻山
61103	肇皮
61103	讪谈子
61103	看笑神儿
61103	骗
61103	拈过拿错
61103	涮坛子
61103	弯酸
61103	整冤枉
61103	形
61103	烫
61103	烫毛子
61103	㝩倒
61103	相欺
61103	哐
61103	壅
61104	使绊子
61104	扯客
61104	肇
61104	搅肇
61104	抽吊脚楼
61105	伸手动脚
61105	打堆锤
61105	打锤
61105	打架
61105	打捶角逆
61105	打掟子
61105	抓扯
61105	角逆
61105	脚头捷子
61105	刀对刀
61105	恨得住
61105	枪对枪
61106	浮上水
61106	巴结
61106	打啰啰
61106	打和声
61106	撒葱花儿
61106	苨肥
61106	合伙
61106	拜把
61106	在随
61106	吹捧舔贴
61106	随在
61106	卫向
61106	卫护
61106	抱大脚杆
61106	搊和
61106	勾扯
61106	由在
61106	由便
61106	舔
61106	演双簧
61106	団
61106	穿连裤裤
61106	灌米汤
61106	挽做一坨
61106	任随
61106	顺倒
61106	顺倒毛毛抹
61107	一刀两断
61107	夺客
61107	槽内无食猪拱猪
61107	刁唆
61107	翻老话
61107	空
61107	翻嘴
61107	翻是非
61107	阐奸
61107	张花式
61107	怂祸
61108	使坏
61108	痞
61108	估倒
61108	耍刀
61108	耍枪
61108	戳锅漏
61108	栽诬
61108	丢意子
61108	恨倒
61108	怂
70101	大天
70101	大天白亮
70101	擦亮
70101	擦乎乎亮
70101	擦粉儿亮
70101	天大亮
70102	起露水
70102	起雾
70102	雨住了
70102	雨停了
70102	打雨点子
70102	打雷
70102	下露水
70102	下雾
70102	下雨了
70102	下雪
70102	下霜
70102	莫得风了
70102	落雨
70102	落雨点子
70102	扯露水
70102	扯露泊
70102	起露
70102	下露
70102	飞雨点子
70102	吹风
70102	飘雨点子
70102	风住了
70102	风停了
70102	风蒿蒿
70103	照倒
70104	化雪了
70104	结冰
70104	雪化了
70105	潽
70105	上气
70201	撅起
70201	鲍
70201	弓起沟子
70201	弓起屁儿
70202	耷起
70202	垮
70202	凹
70202	軃
70202	落头发
70202	掉
70202	掉头发
70202	扣
70202	绊
70203	直
70203	伸抖
70204	出煞
70204	轮子
70204	品起
70206	爬
70206	角角
70206	挨
70206	挨边
70206	暴蔫子
70206	间
70206	牵线线，起串串
70206	滚蛋
70206	向阳
70207	遇倒
70207	鋊
70207	踩生
70207	撞倒
70207	碰倒
70207	逢生
70209	七拼八凑
70209	打绞绞
70209	兑
70209	搀
70209	款
70211	㽄
70211	嘻
70211	爆
70211	冰
70211	亮行
70212	抖
70212	邆
70213	苨(nia)
70213	滑
70214	把脚蜷倒
70214	㽿
70214	辽
70214	勾
70214	登儿转
70214	扛
70215	汇
70215	沧
70215	浆衣裳
70216	四通八达
70217	奏
70301	入伏
70301	进伏
70302	私曰
70302	毕业
70302	闭
70302	出伏
70302	打杵
70302	扎板
70302	煞角
70302	下课
70302	落榫
70302	锁口
70302	隔奶
70302	隔奶奶
70302	歇火
70302	摆起
70302	摆平
70302	呔起
70302	搞起
70302	搞倒了
70302	幺台
70302	收抠
70302	抠
70302	收工
70302	闪
70302	断奶
70302	断纬
70302	断庄
70302	完了
70302	伸皮
70302	放学
70302	双流到华阳县过县
70302	封箱
70303	漤
70305	推
70305	搞不赢
70305	缓天
70305	长麻吊线
70306	抵穿
70306	起牙
70306	打光叉叉
70306	打光董董
70306	扯胸卖怀
70306	踩痛脚
70306	抽底火
70306	光琳琳
70306	光膀膀
70306	拱
70307	断根
70311	嘈
70401	撕脸
70401	过渡
70401	过性
70401	喝风
70401	妖精十
70401	馊了
70401	千变万化
70403	败色
70403	𠟃
70403	绒
70404	欻雨了
70404	淋雨了
70405	辣
70406	翻梢
70406	翻蔸
70407	翻病
70501	敷折耗
70501	趁早
70502	除干打净
70502	二簸簸
70502	落
70503	祛湿
70503	去火
70503	苨肩膀
70503	搁倒
70503	搁起
70503	开荤
70503	甩
70503	退火
70601	把…叫…
70601	把…喊成…
70601	拿…当…
70602	敞
70605	抵得倒
70605	一丝一像
70605	一猫儿一样
70605	一年的
70605	一顺风
70605	不哪样
70605	不咋
70605	不咋样
70605	差不多
70605	差滴滴儿
70605	老庚儿
70605	同年的
70605	半...不...
70606	呔
70606	当不倒
70607	带头
70607	受
70607	般配
70607	垫背
70607	顺风
70608	不对子午
70608	差
70608	合不拢
70608	抖不圆
70609	寡
70609	少
70611	扶倒
70611	打来吃起
70611	莫贝
70611	莫得
70611	没得
70611	没有
70611	𥑼
70611	绷
70613	累尖尖
70614	打满堂红
70614	垮不倒皮
70614	扯扯捹捹
70614	扯绊
70614	带携
70614	揹
70614	连坐
70614	连累
70615	吃多了
70615	把
70615	发汗
70615	惹
70615	摆
70615	催奶
70615	讨
70615	拼
80102	矮
80102	高耸耸
80102	干虾虾
80102	面片儿
80102	𨈓
80103	大套
80103	窄
80103	宽
80103	亩把两亩
80104	扁
80104	薄
80104	厚
80105	筋骨人
80105	胖
80105	莽
80106	屁
80106	滴滴儿
80106	一滴滴儿
80106	点
80106	大滴滴儿
80106	大董董
80106	猛细
80107	四誊
80107	七长八短
80107	打偏偏
80107	斜
80107	乆起
80107	端
80108	笔端端
80108	笔伸
80108	卷
80109	伸
80109	笔陡
80109	七拱八翘
80109	七翘八拱
80109	凸
80109	癞疤癞疙
80109	撑
80109	坑坑包包
80110	弯儿疙纠
80110	登儿圆
80201	白
80201	黢妈
80201	打
80201	卡白
80201	欻白
80201	白白净净
80201	黑尽了
80201	灰普普
80201	灰巴拢耸
80201	灰灰儿
80201	黄扯扯
80201	黄苤苤
80201	葱绿色
80202	花尔古董
80202	花古拎当
80202	淡
80202	酽
80203	四棱四现
80203	麻麻亮
80203	黑黢马拱
80203	亮绍
80205	嘶声哑气
80205	大声武气
80205	哈声哈气
80206	彆拉拉
80206	脆绷绷
80208	入味
80208	苦
80208	巴味
80208	燥辣
80208	咸
80208	咸鲊鲊
80208	甜
80208	酸叽叽
80208	呡甜
80208	进味
80208	清汤寡水
80208	辛
80208	绑口
80208	绑嘴
80209	噜噜
80209	和
80209	泡
80209	泡舒舒
80209	牢实
80209	牢靠
80209	熬火
80209	咬不烂
80209	硬痴硬杆
80209	硬衬
80209	经事
80209	经烧
80210	飘轻
80210	憨
80212	苦寒
80212	火燎火熛
80212	火熛火燎
80212	热络
80212	热和
80212	燥热
80212	燥性
80212	冰滑
80212	冰清了
80213	湿叽叽
80213	湿气
80213	湿古林当
80213	湿鲊鲊
80213	水稀稀
80213	水垮垮
80213	潮
80213	干
80213	干舒舒
80213	干了
80213	干绍
80213	天干
80214	滑刷
80214	毛
80214	穬穬
80301	几个
80301	一世糊子
80301	一撲绳子
80301	一拉
80301	一抹多
80301	一篾片儿
80301	一溜溜
80301	一𨈓𨈓
80301	五花八门
80301	个打个
80301	好几个
80301	难得
80301	三五
80301	人们
80301	望
80301	望翘翘
80302	稀烂八烂
80302	稀王八烂
80302	一下
80302	一个二个的
80302	五零四散
80302	梗
80302	零
80302	浑
80302	从头一二
80303	密
80303	一包子
80303	瘦
80303	糠了
80303	重起摞起
80303	空花
80304	夹脚
80305	糍剁剁
80305	烂
80305	粘瓦瓦
80305	酽咚咚
80306	煳
80306	咬不动
80306	嚼不动
80309	
80309	疲
80309	叽叽
80309	稀
80309	流
80309	脚手软
80309	泡绍
80309	单吊
80309	干希儿
80309	仙健
80309	墩笃
80309	瓤
80309	雄
80310	不时兴
80310	不兴
80310	摩登儿
80310	过气
80310	过串
80310	抄
80310	操
80310	苕
80310	栾
80310	栾眉栾眼
80310	陈古八十年
80310	洋盘
80311	漂亮
80311	妖艳儿
80311	醜
80311	难看
80312	大方
80313	晏
80314	利实
80314	利刷
80314	须须摸摸
80314	快当
80315	一天
80315	一天到黑
80315	好久
80315	半天
80315	脸车过去
80315	脸转过去
80315	穿夜
80315	梗天
80316	隔一帽子远
80401	实打实
80401	笃实
80401	确实
80401	背名无实
80401	飞
80401	靠实
80401	千真万确
80401	真
80401	硬
80402	次得点儿
80402	过坳
80402	过得坳
80402	倒饭
80402	好
80402	臭
80403	﻿…之…
80403	七颠八倒
80403	稀
80403	出众
80403	诧床
80403	刮
80403	簸儿
80403	多
80403	择铺
80403	怪眉怪眼
80403	最…不过
80403	猫儿毛疯
80403	好生
80403	走阴
80403	溜
80403	颠七倒八
80403	观花
80403	观仙
80403	神戳戳
80403	拧筋
80403	灌骨
80403	上好八好的
80404	次
80404	保肋
80404	炮打四门
80404	很不哪样
80405	自不
80405	待
80405	失格
80405	四平八稳
80405	杀偏风
80405	对头
80405	腰杆硬
80405	牛都踩不烂
80405	圆泛
80405	正好
80406	抵事
80406	不抵事
80406	不管用
80406	打不出喷嚏
80406	打脑壳
80406	打干和声
80406	是
80406	寡说不做
80406	白痴痴地
80406	白眉白眼
80406	撇脱
80406	来得倒
80406	关火
80406	等于圈圈
80406	当屁腾
80406	当球腾
80406	枉自
80406	空事
80408	单调
80410	死眉死眼
80410	死眉呆眼
80410	死眉愣眼
80410	打不倒转转
80410	莫祥
80411	肯
80411	够搞
80411	够缠
80411	砍竹子遇节疤儿
80411	浅
80412	子耳朵
80412	拉中杠
80412	榨秤
80412	莫得啥子
80412	莫来头
80412	球莫名堂
80412	算哪把夜壶
80412	当不得耍的
80412	重要
80413	不得了
80413	不认黄
80413	味道长
80413	到住
80413	恼火
80413	严重
80413	圆了
80413	慌
80414	拽实
80414	千军万马
80414	𨈓瓢
80415	臭假寒酸
80415	狗屎箢篼
80417	值价
80417	吃得干
80417	吃干了
80417	吃通
80417	贵
80417	操转了
80417	操亮
80417	操得转
80417	操得亮
80417	兜得转
80417	昂
80417	红得发烫
80418	鼻子杵眼睛
80418	利皮利骨
80418	不和
80418	不认识
80418	合
80418	认不倒
80418	认不得
80419	打眼
80419	桌子高头
80419	黑
80419	贼脚摸手
80419	贼手摸脚
80419	贼呵呵
80419	贼眉贼眼
80419	鬼眉鬼眼儿
80419	鬼戳
80419	悄悄咪咪
80419	见不得光
80419	见不得天
80419	见不得人
80419	阴悄悄
80419	当倒
80419	当面
80420	生成
80421	之外
80421	单另
80421	另外
80423	姑表
80501	糍粑心肠
80501	绿眉绿眼
80501	出言语重
80501	刮毒
80501	缺德
80501	坏
80501	歪
80501	软
80501	牚眉牚眼儿
80501	仁义
80502	实在
80502	里扯
80502	欺软怕恶
80502	欺软怕硬
80502	假巴意思
80502	贼
80502	老打老实
80502	脑壳烂
80502	手脚干净
80503	直劈
80503	直统统
80503	吃得亏打得
80503	拢
80503	火爆爆
80503	火炮儿性子
80503	孽
80503	乖
80503	乖乖
80503	肝经火旺
80503	尖嘴巴
80503	挽圈圈
80503	横撇撇
80504	剃串连胡子
80504	不睬祸事
80504	诧眉诧眼儿
80504	诧兮兮
80504	诧乎乎
80504	洒脱
80504	下火巴蛋
80504	莫得走搌
80504	捏炭圆儿
80504	三言两语
80505	马起个脸
80505	夹脚夹手
80505	甩手甩脚
80505	费
80505	唣
80505	猴
80505	囚
80505	狂眉狂眼儿
80507	仔细
80507	紫雅
80507	吃错了药
80507	斯文胎胎
80507	识相
80507	四昏
80507	礼礼信信
80507	不讲礼
80507	不客气
80507	浮漂
80507	把细
80507	马虎
80507	大而化之
80507	叉巴
80507	说得轻巧，拿根灯草
80507	野
80507	泡毛
80507	小心
80507	张巴
80507	恍
80507	恍而忽兮
80507	恍兮忽兮
80508	大块
80508	假行势
80508	架势
80508	要不完
80508	讲礼
80509	指甲儿长
80509	啬
80509	黑屁眼儿
80509	黑屁儿
80509	爪爪深
80509	小气
80509	小见
80509	苟
80509	坎
80509	偏心
80509	眼儿
80509	弯弯
80510	克
80511	估吃霸赊
80511	拉横耙
80511	嚼
80511	横跋顺跳
80512	一清二白
80512	打翻天印
80512	下流
80512	寡孽
80512	老不歇火
80512	老不退火
80512	老不胎害
80512	老怪物
80512	老捨物
80512	贱
80512	正南齐北
80512	正儿八经
80513	鼻子不灵
80513	一踩九头翘
80513	糊涂
80513	户
80513	耳朵尖
80513	耳朵长
80513	拿火色
80513	哈戳戳
80513	瓜眉瓜眼
80513	瓜眉日眼
80513	摸不倒魂头
80513	矬
80513	活泛
80513	活动
80513	回不倒神
80513	宝
80513	宝里宝气
80513	宝兮兮
80513	脑壳滑
80513	脑壳打得滑
80513	脑壳打得过调
80513	搞不灵醒
80513	搞不醒豁
80513	憨眉憨眼
80513	颠东
80513	精灵
80513	方脑壳
80513	梦虫
80514	鼻子尖
80514	鼻子灵
80514	固执
80514	呆
80514	拗
80514	溜刷
80514	牛
80514	筋
80514	搬不倒家
80514	灵巧
80514	戆
80515	疲
80515	打得粗
80515	勤巴苦挣
80515	勤巴苦做
80516	得行
80516	老办
80516	高一篾片儿
80516	能干
80516	昌盛
80516	行势
80602	生意好
80602	生意秋
80602	生意孬
80603	七嘴八舌
80603	乌喧喧
80603	热闹
80603	背静
80603	闹热
80603	涌堂
80604	打黑摸
80604	搞不转
80604	跷二郎腿
80605	抵拢坎坎
80605	活
80606	邋遢
80606	娄
80606	娄馊
80606	干净
80606	净
80606	脏
80606	脏瓦瓦
80607	七古八杂
80607	七手八脚
80607	齐
80607	一包糟
80607	一斩齐
80607	乌七八糟
80607	杂尔古董
80607	和
80607	高醋矮酱油
80607	周吴郑王
80607	周周正正
80607	乱七八糟
80607	整齐
80607	装舅子
80608	造孽巴沙
80608	千辛万苦
80609	扯指拇儿
80609	肥
90101	只有那们
90101	稀稀
90101	一干二净
90101	不哜哜的
90101	不多于
90101	黢
90101	二…二…
90101	巴沙
90101	扎实
90101	差点儿
90101	恰
90101	下叫
90101	了
90101	矬矬
90101	过于
90101	得很
90101	得慌
90101	小
90101	要死
90101	要命
90101	都
90101	透
90101	有点
90101	有滴滴儿
90101	翻山
90101	惨了
90101	腾了
90101	争一颗米
90101	争点儿
90101	更见
90102	只得
90102	只消
90102	不了
90102	独独
90102	少说
90102	尽都
90103	直端端
90103	依轮子
90103	一起
90103	一道
90103	一根生
90103	打伙
90103	打单
90103	个一个
90103	伙倒
90103	挨一挨二
90103	对直
90103	对倒
90103	对倒风
90103	朝倒
90103	骚
90103	翻房子
90103	端端
90103	顶风
90103	顺口打哇哇
90103	顺倒说不起气
90103	顺便
90104	只怕
90104	自来
90104	的确
90104	利边
90104	不警
90104	故意
90104	故犯
90104	取总
90104	二不掛五
90104	说不定
90104	果不其然
90104	可能
90104	也许
90104	最终
90104	点儿
90104	搞快
90104	缭自
90104	有意
90104	安心
90104	乱
90104	硬是
90104	横顺
90104	允许
90104	恐怕
90104	恐防
90104	红黑
90105	直见
90105	立时
90105	立马
90105	依还
90105	不大多于
90105	不断缔（纤）
90105	马上
90105	下下
90105	随时
90105	回回
90105	要不要
90105	昼时
90105	就
90105	就要
90105	三天两头
90105	偏要
90105	渐次
90105	眼看
90105	跟倒
90106	时不时
90106	月月
90106	再
90106	屡
90106	久不久
90106	三番五次
90106	三番两次
90106	常行
90107	哪样
90107	咋
90107	咋个
90107	咋个起的
90107	咋个办
90107	恰好
90107	何犯于
90107	行
90107	来不来
90107	未必
90107	然
90107	为啥子
90107	倒转
90107	搞啥子名
90107	搞了一伙
90107	搞了一阵子
90107	要得不
90107	颠转
90107	颠转来
90107	啷个
90107	啷们
90107	啷个搞
90107	啷个办
90107	将
90107	将将
90108	捞屁
90108	整死不…
90201	自打
90201	自从
90202	指倒
90202	背倒
90202	朝
90202	沿倒
90205	比倒
90205	照
90205	按
90303	虽然
90303	虽说
90303	好道
90305	不照闲
90305	高矮
90305	管得
90305	整死
90305	个舅子
90306	那们
90306	假比
90306	嗜
90306	喊声
90403	嘛
90403	嘎
90403	啊
90403	喃表
90501	喂
90501	呣
90502	哆
90502	嗦
90502	哦
90502	哦嗬
90502	哦嘀
90502	哟
90502	嘚
90502	嘚嘛
90502	欵
90502	吔
90502	哎
90502	哎呀
90502	哎哟
90502	咹
90601	喳巴
90601	哄
90602	咩
90603	劈里啪啦
90603	啪
90603	嘣
90603	咚咚
90603	咚
