10101	别个
10101	吃手
10101	二五子
10101	各人
10101	各自
10101	家伙三
10101	家什
10101	末末
10101	哪个
10101	老几
10101	老己
10101	老子们
10101	落魂儿
10101	落黑儿
10101	平头儿
10101	平头儿老百姓
10101	人户
10101	人众
10101	谁个
10101	屋
10101	这些人
10101	子
10101	自个儿
10101	自家
10101	做手
10102	大儿小女
10102	大男细女
10102	瓜女
10102	家主婆
10102	看甑脚水的
10102	蛮婆子
10102	妹娃儿
10102	门前人
10102	外头人
10102	男人八叉
10102	烂盆盆
10102	老公
10102	恶鸡婆
10102	女娃儿
10102	女娃子
10102	婆娘
10102	青头姑娘
10102	歪辣姑
10102	崽儿
10103	阿伯
10103	半截子
10103	半截子幺爸儿
10103	半截子娃儿
10103	半桩子
10103	半桩子人
10103	儿娃子
10103	费头子
10103	姑嬷儿
10103	鬼蛋子
10103	金包卵
10103	金宝卵
10103	开间
10103	口水巴儿
10103	毛崽儿
10103	妹崽
10103	妹崽子
10103	妹子
10103	妹仔
10103	咪咪儿
10103	咪咪娃
10103	梦虫虫
10103	奶娃儿
10103	奶娃子
10103	男娃儿
10103	老把子
10103	老果果
10103	老信儿
10103	老官儿
10103	老娘子
10103	老嬢子
10103	老娘儿
10103	老人公
10103	糯米老头儿
10103	糯米小伙儿
10103	女崽儿
10103	婆婆大娘
10103	婆婆客
10103	欠耳子
10103	三小子
10103	丝娃儿
10103	碎人
10103	碎娃娃
10103	太婆
10103	娃儿
10103	娃娃
10103	细娃
10103	小人
10103	崽
10104	阿
10104	阿爸
10104	阿爹
10104	阿兄
10104	阿哥
10104	巴片儿亲
10104	达达
10104	打干亲家
10104	大妈
10104	独丁丁
10104	独根根
10104	独苗苗
10104	二婚货
10104	二婚亲
10104	二婚嫂
10104	二水公爷
10104	抚来娃
10104	哥老信
10104	哥子
10104	公
10104	瓜葛亲
10104	乖乖
10104	后婚嫂
10104	几爷子
10104	家公
10104	家家
10104	家门儿
10104	家婆
10104	家神
10104	假哥儿
10104	姐儿妹子
10104	姐夫哥
10104	姐夫子
10104	舅母子
10104	舅老信
10104	舅老官
10104	看田缺水的
10104	姆姆
10104	奶子
10104	老辈子
10104	老汉儿
10104	老家
10104	老的
10104	老人婆
10104	老挑
10104	老头儿
10104	姥子
10104	两母子
10104	两娘母
10104	两爷子
10104	落尾巴儿
10104	孃
10104	娘
10104	孃孃娘娘)
10104	孃孃
10104	娘娘
10104	娘儿母子
10104	娘母
10104	娘老子
10104	娘娘母母
10104	牛屎公爷
10104	婆
10104	婆母
10104	婆娘口子
10104	婆婆
10104	婆婆娘
10104	亲房
10104	亲母
10104	龙
10104	孙孙儿
10104	婶娘
10104	私娃子
10104	叔公
10104	叔婆
10104	双双儿
10104	堂客
10104	挑担
10104	拖油瓶
10104	外外
10104	外侄儿
10104	外祖祖
10104	晚母
10104	晚娘
10104	屋里人
10104	屋头的
10104	先人
10104	先人板板
10104	小抱媳妇儿
10104	小接媳妇儿
10104	小妈
10104	新姑娘儿
10104	新客
10104	新郎倌儿
10104	幺姑儿
10104	幺幺
10104	姨多
10104	姨妈
10104	姨嬢
10104	崽崽
10104	颤花儿
10104	颤灵子
10104	竹根亲
10104	祖先人
10104	祖祖
10105	大董董
10105	地转子
10105	电灯儿泡
10105	干猴儿
10105	干口
10105	高长子
10105	高中中
10105	麻婆
10105	莽子
10105	𨈓巴儿
10105	棱巴儿
10105	𨈓巴根儿
10105	瞟眼儿
10105	缺嘴儿
10105	左括子
10106	𨃅子.
10106	𨃅𨃅儿
10106	半头房子
10106	边花儿
10106	病壳壳
10106	病砣砣
10106	叮噹会
10106	格塞
10106	拐扒匠
10106	齁包儿
10106	齁子
10106	结
10106	偏花儿
10106	偏颈儿
10106	痰病
10106	哑子
10106	月母子
10106	爪手儿
10107	拌蛮
10107	棒客
10107	棒老二
10107	老二
10107	白嘴儿
10107	编编匠
10107	孱头
10107	操哥
10107	操妹儿
10107	扯拗拐
10107	打拗卦
10107	吃相饭
10107	冲天炮
10107	打卦婆
10107	歹人
10107	刀刀客
10107	豆卷儿
10107	啬家子
10107	二吊五
10107	二杆子
10107	飞机
10107	飞歪八歪
10107	废话兜兜
10107	粉脸子
10107	疯儿洞
10107	逢人配
10107	浮上水
10107	凫上水
10107	护脚毛
10107	富贵眼睛
10107	街娃儿
10107	戆头子
10107	跟脚鬼
10107	狗儿紳粮
10107	啯噜子
10107	寡嘴
10107	怪物
10107	光棍
10107	龟儿
10107	龟儿子
10107	龟孙子
10107	龟子
10107	海椒虫
10107	豪霸子
10107	合二流
10107	何二流
10107	和呵海
10107	祸砣砣
10107	祸砣子
10107	坏虫
10107	浑水袍哥
10107	浑王
10107	鸡儿
10107	鸡娃儿
10107	㚻子
10107	鸡仔
10107	急猴子
10107	夹尾巴狗
10107	尖嘴老鸹
10107	尖嘴么姑儿
10107	监视户
10107	贱皮子
10107	犟拐拐
10107	犟牛
10107	接话瓢
10107	净人
10107	客伙
10107	壳子客
10107	空子
10107	口敞
10107	哭巴龙
10107	毛脸货
10107	毛三教
10107	门坎汉儿
10107	门限汉儿
10107	摸狗儿
10107	摸哥儿
10107	赖食猴
10107	赖时候
10107	癞皮子
10107	烂杆儿
10107	滥杆儿
10107	烂友儿
10107	滥友儿
10107	滥好人
10107	老坎
10107	老牛筋
10107	老实拐子
10107	闹塘乌棒
10107	离(nia)肩膀
10107	离(nia)肥
10107	柳肩膀
10107	撵滚滚儿的
10107	撵脚狗儿
10107	牛儿炮
10107	饿痨瘟
10107	扒二哥
10107	扒哥
10107	盘心客
10107	皮匠
10107	屁巴虫
10107	屁眼儿虫
10107	片官
10107	钳工
10107	撬杆儿
10107	清水袍哥
10107	人客
10107	日白匠
10107	肉菩萨
10107	三脚猫
10107	三只手
10107	散把头儿
10107	烧火佬
10107	骚棒
10107	骚狗子
10107	骚鸡公
10107	啬狗子
10107	舍物
10107	缩头乌龟
10107	松包
10107	甩手掌拒
10107	水客
10107	水盆鸡
10107	水漩儿
10107	天棒
10107	天棒槌儿
10107	亸神
10107	偷儿
10107	歪人
10107	歪嘴菩萨
10107	瘟丧
10107	瘟牲
10107	五香嘴巴
10107	武辣货
10107	相公
10107	笑官儿
10107	斜猫儿
10107	新化街
10107	凶星
10107	囚脸汉
10107	囚皮汉
10107	烟哥
10107	烟灰儿
10107	夜不收
10107	阴心人
10107	阴心子
10107	饮食菩萨
10107	瘾客
10107	油子
10107	院妈娘
10107	院妈妈
10107	宰把手
10107	正神
10107	啄客
10107	贼娃子
10108	半边窍
10108	宝器
10108	宝气
10108	白火石
10108	跛罗汉
10108	臭手
10108	臭獐子
10108	打毛铁
10108	打样
10108	颠儿
10108	颠颠
10108	颠子
10108	豆渣脑壳
10108	二毛子
10108	二老工人
10108	干鸭子
10108	瓜宝
10108	瓜宝气
10108	瓜呆子
10108	瓜儿
10108	瓜瓜
10108	瓜娃子
10108	鬼灵精
10108	哈巴儿
10108	憨包儿
10108	憨痴闷棒
10108	憨大汉儿
10108	憨憨
10108	旱鸭子
10108	旱鸭儿
10108	黄棒
10108	黄不苏苏
10108	黄浑子
10108	黄昏子
10108	黄师傅
10108	黄苏苏
10108	恍恍
10108	晃冕
10108	会家
10108	昏君
10108	浑胆大
10108	昏胆大
10108	尖尖
10108	精灵鬼儿
10108	精灵果儿
10108	口招风
10108	闷兜儿
10108	闷货
10108	闷头虫
10108	闷头性
10108	闷子
10108	悯子
10108	闷猪
10108	闷葫芦儿
10108	闷生儿
10108	木鱼脑壳
10108	木走走
10108	褦襶
10108	老酸
10108	刘全进
10108	刘前进
10108	泡毛鬼
10108	人精
10108	三二拐
10108	散眼子
10108	上手
10108	省油灯
10108	斯文呆呆
10108	耍公爷
10108	特儿宝
10108	玩友
10108	瘟猪
10108	现世宝
10108	新毛孩儿
10108	新毛头儿
10108	哑头神
10108	张花石
10108	猪脑壳
10108	啄棒
10109	帮帮匠
10109	背二哥
10109	长夫
10109	长年
10109	车帮子
10109	厨信司
10109	船家长
10109	船老大
10109	炊哥
10109	炊二哥
10109	打合后
10109	打野
10109	打渔子
10109	大班
10109	待诏
10109	当公事
10109	刀儿匠
10109	佃客
10109	舵把子
10109	督把子
10109	舵爷
10109	耳报神
10109	二
10109	二道贩子
10109	分关
10109	伕子
10109	竿竿匠
10109	杆杆匠
10109	锅儿匠
10109	伙房
10109	火房
10109	吼班儿
10109	花儿匠
10109	黄泥巴脚杆
10109	驾长
10109	捡生婆
10109	教书匠
10109	教咕咕
10109	教老者
10109	金佚子
10109	金夫子
10109	脚子
10109	看门头儿
10109	客户子
10109	哭丧匠
10109	矿伕子
10109	帽盖子
10109	米米
10109	米子
10109	老摇
10109	粮子
10109	龙头大爷
10109	农二哥
10109	农二
10109	圝二
10109	泥巴脚杆
10109	瓮子匠
10109	袍哥大爷
10109	跑滩医生
10109	青山贩子
10109	丘二
10109	邱二
10109	桡夫
10109	艄水
10109	艄子
10109	死死儿
10109	收荒匠
10109	首事
10109	甩手
10109	太医
10109	提口袋
10109	挑脚
10109	挑力
10109	挑子客
10109	桶子匠
10109	下四足
10109	先生
10109	乡脚
10109	乡约
10109	小二
10109	鸭棚子
10109	鸭篷子
10109	哑子儿
10109	幺司务
10109	幺师
10109	月活
10109	掌竿师
10109	掌瓢厨师
10109	籽籽
10109	坐桶子
10109	抓抓匠
10109	转二哥
10109	庄稼佬儿
10110	川耗子
10110	川蛮子
10110	对门实户
10110	隔壁户
10110	隔壁
10110	隔壁子
10110	广广
10110	广婆子
10110	山儿娃
10110	乡坝佬儿
10111	抱膀子
10111	背光
10111	臂膀子
10111	背膀
10111	边
10111	边子
10111	差狗
10111	差狗子
10111	伸手大将军
10111	伸手将军
10111	吃客
10111	抽丰客
10111	仇伤孽对
10111	出气筒
10111	春官
10111	搭帮手
10111	打心锤锤
10111	大帽子
10111	大脑壳
10111	道道儿
10111	底脚
10111	独人
10111	端公
10111	对红心
10111	对子
10111	二把手
10111	二簸簸粮户
10111	肥猪
10111	肥猪票
10111	富实郎
10111	干黄鳝
10111	干鸡子
10111	干人
10111	杠神匠
10111	高上
10111	高头
10111	告化儿
10111	过路子
10111	寡公子
10111	寡母子
10111	卦婆子
10111	观花婆
10111	光赤净杆
10111	光杆儿
10111	光身汉
10111	滚龙
10111	活人妻
10111	红爷
10111	红叶大人
10111	怀面
10111	皇帝老信儿
10111	脊上
10111	脚底
10111	坎脚
10111	客位
10111	麻乡约
10111	蛮
10111	蛮疙瘩
10111	蛮蛮
10111	毛根儿朋友
10111	毛子
10111	毛猪
10111	来往
10111	烂脑壳
10111	烂龙
10111	闹官儿
10111	礼生
10111	联竿竿
10111	恋乡脚
10111	粮户
10111	跑滩匠
10111	皮条客
10111	偏毛根朋友
10111	牵头
10111	穷窟窿
10111	取替代
10111	散气包儿
10111	舌条儿
10111	舌子
10111	绅粮
10111	神婆子
10111	熟脚
10111	算命子
10111	讨口子
10111	提线子
10111	贴心
10111	贴心逗伴
10111	透底
10111	透脚
10111	土老财
10111	土老肥
10111	外务
10111	下饭菜
10111	仙娘婆
10111	仙娘儿
10111	笑和尚
10111	兄弟伙
10111	眼证
10111	阴阳
10111	帐肚子
10111	招财
10111	侧边人
10111	侧前人
10111	主人家
10201	巴壁虎儿
10201	爬壁虎
10201	耗儿
10201	耗子
10201	猴猴儿
10201	猴三儿
10201	毛狗
10201	野狗
10201	野毛狗
10201	蛇太医
10201	梭老二
10201	檐老鼠儿
10202	敞马
10202	狗儿
10202	牯棒
10202	叫猪
10202	脚猪
10202	郎猪
10202	妹儿
10202	草猪
10202	奶毑儿
10202	奶豚子
10202	男猫
10202	老白口
10202	溜溜马
10202	笼子猪儿
10202	撵山狗
10202	牛儿
10202	女猫
10202	沙牛
10202	牲口
10202	搜山狗
10202	双月子
10202	水牯棒
10202	替槽猪
10202	兔儿
10202	瘟猪仔
10202	哑算狗
10202	羊子
10203	抱鸡婆
10203	点水雀儿
10203	鬼登哥儿
10203	鬼灯哥
10203	鬼冬哥
10203	黑八儿
10203	黄拐子
10203	鸡公
10203	鸡母
10203	鸡婆
10203	鸡牲鹅鸭
10203	叫鸡
10203	叫明鸡
10203	麻拐子
10203	麻鹞子
10203	雁鹅
10203	青头鸭儿
10203	雀儿
10203	雀雀
10203	童子鸡
10203	线鸡
10203	鸦鹊子
10203	鸦鹊
10203	鸭儿
10203	鸭公
10203	鸭青
10203	鸭婆
10203	阳雀
10203	鹞鹰
10203	夜猫子
10203	鱼猫子
10203	鱼毛子
10203	鱼老鹬
10203	鱼鹬子
10203	子鸡
10203	仔鸡
10204	摆尾子
10204	蚌壳儿
10204	餐子
10204	蠹
10204	卿夹子
10204	解壳儿
10204	脚鱼
10204	母猪壳
10204	癞疙宝
10204	癞格宝
10204	癞蛤宝
10204	癞蝈宝
10204	癞疙疱
10204	癞疙疤
10204	癞格疱
10204	癞格疤
10204	癞蝈疱
10204	癞蝈疤
10204	鯉拐子
10204	鲇巴郎
10204	连巴浪
10204	鲢巴郎
10204	鲇胡儿
10204	胡子
10204	盘夹子
10204	蜞蚂儿
10204	乌棒
10204	虾米米
10204	虾虾
10204	虾子
10204	鱼鳅
10205	巴郎子
10205	长脚蚊
10205	螬虫
10205	虫虫
10205	丁丁猫儿
10205	饭蚊子
10205	飞蛾儿
10205	蜂子
10205	活食子
10205	蛔食虫
10205	叫咕咕
10205	叫蛄蛄
10205	叫鸡鸡
10205	叫鸡子
10205	筋斗虫
10205	麻郎子
10205	麻郎
10205	蠛蠛蚊儿
10205	麦麦蚊儿
10205	蠛蚊
10205	哩啦子
10205	铃𠹃子
10205	亮火虫
10205	铃唱子
10205	雷公虫
10205	牛蚊子
10205	蛾蛾儿
10205	蛾儿
10205	蛾蛾子
10205	沙虫
10205	屎蚊子
10205	偷油婆
10205	土蚕
10205	土狗儿
10205	推屎爬
10205	蚊虫
10205	蚊蚊儿
10205	蚊子
10205	阳蝏蝏
10205	夜壶
10205	灶鸡子
10205	皂鸡子
10205	蜇蛛
10301	刺笆笼
10301	二黄篾
10301	黄桷树
10301	黄角树
10301	棬子树
10301	抠痒树
10301	苦楝子
10301	麻柳
10301	腊篾
10301	硬头黄
10301	林
10301	林林
10301	林盘
10301	柳叶按
10301	瓢儿树
10301	晒不死
10301	三角风
10301	三甲皮
10301	肾气草
10301	桐子树
10301	香樟
10302	草草
10302	冻桐花
10302	对对草
10302	对月草
10302	浮藻
10302	浮藻草
10302	蠹麻
10302	藿麻
10302	鸡爪参
10302	犟遭瘟
10302	叫叫草
10302	节节草
10302	金佛草
10302	金龟莲
10302	金马蹄草
10302	金钱草
10302	锯锯藤
10302	苦蒿
10302	马蹄草
10302	满天星
10302	猫耳朵
10302	猫耳风
10302	猫儿抓刺
10302	墨斗草
10302	辣蓼子
10302	癞疙宝草
10302	癞子草
10302	狼牙草
10302	老君须
10302	犁头草
10302	铧头草
10302	铃铃草
10302	流尿蒿
10302	饿蚂蝗
10302	草鞋板
10302	七人草
10302	七星草
10302	清明蒿
10302	三匹风
10302	扇把草
10302	苕青
10302	苕子
10302	蛇抱蛋
10302	蛇倒退
10302	蛇疙瘩
10302	蛇泡草
10302	丝茅草
10302	四瓣草
10302	四叶菜
10302	酸酸草
10302	水八角
10302	水荆芥
10302	水案板
10302	水皂角
10303	菌子
10303	肉头
10303	天鹅蛋
10304	包谷
10304	苞谷
10304	地瓜
10304	番苕
10304	谷子
10304	红苕
10304	酒谷
10304	脚板苕
10304	毛谷子
10304	荞子
10304	土瓜
10304	小春
10304	洋芋
10304	玉麦
10304	粘
10305	葱葱
10305	椿颠树
10305	冬苋菜
10305	冬寒菜
10305	豆豆儿
10305	豆豆颗颗
10305	豆豆果果
10305	豆腐菜
10305	独蒜
10305	独独蒜
10305	独头蒜
10305	胡瓜
10305	虎耳瓜
10305	柑子
10305	谷桩
10305	海椒
10305	红果儿
10305	厚皮菜
10305	牛皮菜
10305	花菜
10305	黄果
10305	鸡脑壳
10305	鸡心白
10305	鸡血李
10305	箭杆风
10305	姜包儿
10305	叫梨子
10305	金挖耳
10305	橘柑
10305	橘子柑
10305	卷心白
10305	蕨藄
10305	蕨荆
10305	毛毛菜
10305	茅梨
10305	毛梨
10305	木耳菜
10305	烂毛钱
10305	冷子胡豆
10305	连花白
10305	尿珠子
10305	牛心白
10305	蛾眉豆
10305	气柑
10305	青菜
10305	青菜头
10305	菜脑壳
10305	菜头儿
10305	青果
10305	软姜叶
10305	沙罐草
10305	山芋
10305	苕菜
10305	蛇垮皮
10305	树地瓜
10305	水芋
10305	藤藤菜
10305	小菜
10305	血橙
10305	洋海椒
10305	洋柿子
10305	芋儿
10305	芋母子
10306	爆蛇蛋
10306	菜子
10306	打碗子
10306	盖碗儿茶
10306	见肿消
10306	毛萝
10306	面根藤
10306	奶浆藤
10306	矮茶风
10306	矮桐子
10306	泥鳅串
10306	排风藤
10306	泡参
10306	蜞蚂叶
10306	蓑草
10306	银花
10306	皂角
10306	折耳根
10306	侧耳根
10306	猪鼻孔
10401	毛毛
10501	巴巴掌
10501	斑斑
10501	帮帮
10501	棒子骨
10501	刨花儿脑壳
10501	镙花儿脑壳
10501	肠肠儿
10501	肠肠肚肚
10501	臑头
10501	杵杵
10501	窜脸胡
10501	串脸胡
10501	搭搭儿
10501	大巴腿
10501	倒拐子
10501	倒欠
10501	倒篟
10501	肚子
10501	肚囊皮
10501	断手
10501	耳门
10501	耳门子
10501	胡胡儿
10501	角巴儿
10501	拱背
10501	拱嘴儿
10501	沟子
10501	勾子
10501	孤拐
10501	骨拐
10501	寡蛋
10501	寡骨脸
10501	刮骨脸
10501	光脚板
10501	光脚两片
10501	光脚亮杆
10501	项脖
10501	火疙瘩
10501	洪门
10501	中宫
10501	后脑啄
10501	花襟
10501	花千子
10501	横胚
10501	横坯
10501	谎壳儿
10501	脊梁
10501	虮蛋
10501	夹窝
10501	胛缝
10501	夹缝
10501	胛子
10501	夹子
10501	尖尖脚
10501	间架
10501	肩架
10501	肩头
10501	趼巴
10501	茧疤
10501	燋
10501	蟭
10501	颈颈
10501	颈子
10501	鬏鬏
10501	卷卷儿头
10501	脚
10501	足
10501	脚板
10501	脚肚子
10501	脚杆
10501	脚颈
10501	脚胫
10501	脚脚
10501	脚脚爪爪
10501	脚弯弯
10501	脚丫子
10501	脚丫指
10501	脚油
10501	脚爪
10501	胯
10501	跨
10501	㝩
10501	睾睾儿
10501	睾子
10501	磕膝头
10501	胞膝头
10501	骼膝头
10501	壳壳
10501	宽皮大脸
10501	麻影儿
10501	麻子点点
10501	毛根
10501	毛根儿
10501	髦根儿
10501	毛根子
10501	毛眼儿
10501	帽根儿
10501	咪咪
10501	眯眯眼
10501	明油
10501	奶奶
10501	奶油肚皮
10501	𨈓指拇
10501	脑花儿
10501	脑壳
10501	脑门心
10501	肋巴骨
10501	肋巴
10501	肋条
10501	额楼
10501	额脑
10501	脷子
10501	连二杆
10501	连贴
10501	脸包儿
10501	脸巴儿
10501	脸巴子
10501	脸墩儿
10501	脸朵儿
10501	脸子
10501	螺蛳骨
10501	螺丝拐
10501	络耳胡
10501	卵
10501	卵包
10501	卵蛋
10501	尿泡
10501	尿包
10501	涴
10501	蛋
10501	盘儿
10501	盘子
10501	膀
10501	膀箍箍
10501	泡泡儿头
10501	披毛儿
10501	皮皮
10501	皮坨子
10501	皮子
10501	屁巴骨
10501	屁八骨
10501	屁股蹲儿
10501	屁股墩儿
10501	屁眼儿
10501	𡘧门喜
10501	笺子骨
10501	青春籽
10501	骚籽籽
10501	骚疮
10501	缺牙巴
10501	腮巴
10501	骚疙瘩
10501	四脚四手
10501	松包脸
10501	手板
10501	手杆
10501	手拐
10501	手颈
10501	手弯
10501	刷把头
10501	水打棒
10501	水泡眼
10501	水油
10501	塌鼻头儿
10501	蹄壳儿
10501	砣子
10501	筒筒骨
10501	土籽籽
10501	腿杆
10501	腿子
10501	凹额楼
10501	文明脚
10501	胛缝脚
10501	胛脚
10501	胛孔
10501	线子油
10501	相子
10501	小肚子
10501	心尖尖
10501	心坎坎
10501	心子
10501	𤴾疡
10501	须须
10501	牙
10501	牙巴
10501	牙巴骨
10501	眼眨毛
10501	疡子
10501	样子
10501	意子
10501	圆尾
10501	杂
10501	指拇儿
10501	翅管儿
10501	肘拐
10501	箸
10501	啄啄
10501	拽栗子
10501	纂纂
10501	桩子
10501	嘴巴
10501	嘴巴子
10501	嘴壳
10501	嘴壳子
10501	嘴皮
10501	嘴皮子
10501	嘴筒
10501	嘴嘴
10502	旺子
10503	办公
10503	鼻脓口水
10503	鼻子
10503	粪
10503	口痰
10503	毛毛汗
10503	尿水
10503	小粪
10503	眼睛水
10503	眼屎
10503	周而
10504	包儿
10504	草把子
10504	草把儿
10504	慈姑儿
10504	慈菇儿
10504	撮瓢
10504	椿颠
10504	吊吊
10504	核核
10504	干耸耸
10504	干吱吱
10504	疙蔸
10504	杚𣘛
10504	根蔸
10504	根根
10504	果果儿
10504	瓜档
10504	瓜瓢
10504	花心
10504	脚叶
10504	糠头
10504	麻秆
10504	毛栗子
10504	麦草
10504	苗子
10504	辣菜
10504	连槽米
10504	莲米
10504	内瓤子
10504	泡
10504	筏
10504	瓤瓤
10504	肉桃子
10504	桑果
10504	丝
10504	丝瓜布
10504	石岩姜
10504	松毛儿
10504	蒜苗儿
10504	藤藤
10504	条子
10504	头头
10504	雾雾
10504	雾子
10504	桠桠
10504	枒枒
10504	芽苞儿
10504	芽芽
10504	秧把
10504	秧秧
10504	秧子
10504	叶叶
10504	叶子
20101	泡毛货
20101	小东小西
20102	料子
20103	㞎㞎
20103	罢脚货
20103	汆汤
20103	担担儿
20103	丢头
20103	丢想头
20103	丢遗念
20103	堆堆菜
20103	袱子
20103	供饭
20103	豁皮
20103	荒货
20103	椒盐
20103	篾折
20103	来路货
20103	烂稀稀
20103	烂朽朽
20103	烂扎扎
20103	老欺
20103	礼信
20103	礼性
20103	礼行
20103	搒搒货
20103	陪奁
20103	赔奁
20103	欺头
20103	魌头
20103	寿彩
20103	寿对
20103	水礼
20103	抬盒
20103	炭矢
20103	挑桃儿
20103	挑子
20103	停食货
20103	行架
20103	朽扎扎
20103	眼目
20103	洋盘货
20103	渣渣
20103	渣滓
20104	格
20104	么子
20104	某人三四
20104	某人三氏
20104	哪门
20104	哪样
20104	孃钩
20104	娘个
20104	其外
20104	啥子
20104	样啥
20105	坝
20105	瓣瓣
20105	瓣瓣儿
20105	饼
20105	玻丝网
20105	担肩
20105	粉粉
20105	粉子
20105	杆杆
20105	裹
20105	管管儿
20105	纠纠
20105	卷卷儿
20105	颗颗
20105	颗子
20105	块子
20105	捆子
20105	面面
20105	匹
20105	片片
20105	扑茏
20105	欠
20105	坨
20105	坨坨
20105	筒筒
20105	瓦瓷子
20105	网网
20105	星宿儿
20105	星子
20105	圆子
20105	元子
20105	枝
20105	珠珠儿
20105	啄杆儿
20105	锥
20106	背背
20106	底底
20106	顶顶
20106	盖盖
20106	杠架
20106	夹耳
20106	架架
20106	锔
20106	麻板
20106	麻子
20106	马门
20106	门前
20106	喷喷
20106	漂皮
20106	手手儿
20106	外前
20106	外桶子
20106	尾边
20106	尾脚巴儿
20106	尾尾
20106	尾子
20106	鱼子
20106	奏奏
20201	刷把星
20202	坝坝
20202	坝子
20202	倒旱田
20202	地方
20202	干坎
20202	干田
20202	埂埂
20202	沟沟
20202	怪
20202	海子
20202	坎壁
20202	坎坎
20202	炕土
20202	岚凹
20202	懒坡坡
20202	懒斜
20202	烂包儿
20202	崖崖
20202	崖嫌
20202	乱石窖
20202	
20202	平扬大坝
20202	坡坡
20202	青龙背上
20202	晒坝
20202	苕板田
20202	太阳坝
20202	天坝
20202	天康坝
20202	田坝
20202	田壁
20202	田坎
20202	沱
20202	土
20202	望天田
20202	秧母田
20202	秧母子田
20202	月亮坝
20203	滴溜子雨
20203	风蒿蒿
20203	风稀稀
20203	绛
20203	火连圈
20203	火闪
20203	火族
20203	凌
20203	瓮雷
20203	偏东雨
20203	偏冻雨
20203	水涨
20203	雾罩
20203	旋头风
20203	雪弹子
20203	雨舞霁儿
20203	雨稀稀
20203	炸雷
20204	芭茅色
20204	疤疤
20204	碧烟色
20204	扯声卖气
20204	锤子
20204	大气
20204	大声垮气
20204	大声武气
20204	调门
20204	二面黄
20204	二流芡
20204	糊糊
20204	酮酮
20204	钢声钢气
20204	锅烟墨
20204	果子泡儿
20204	滚水
20204	黑点点
20204	㬴㬴
20204	烘烘
20204	红映映
20204	灰灰
20204	记记
20204	夹脚泥
20204	圿圿
20204	甲甲
20204	浆浆
20204	僵疤
20204	金门門子
20204	惊诧诧
20204	惊风火扯
20204	惊呼呼
20204	惊惊炸炸
20204	惊惊抓抓
20204	惊乌呐喊
20204	惊炸炸
20204	惊抓抓
20204	脚模手印
20204	靠节
20204	刻刻
20204	麻革革
20204	麻革麻革
20204	闷气
20204	癞疤癞刻
20204	癞子刻刻
20204	浪子
20204	𠹃
20204	盎
20204	亮
20204	路路
20204	齆臭
20204	齆丑
20204	拍拍
20204	气气
20204	千层泥
20204	千脚泥
20204	桡片
20204	声气
20204	声气颠颠
20204	石骨子
20204	水没子
20204	水色
20204	水水
20204	痰吼吼
20204	土巴
20204	挖抓
20204	细声细气
20204	涎涎
20204	烟火架
20204	焰火架
20204	烟烟
20204	烟子
20204	阳尘
20204	影响
20204	影影儿
20204	印印
20204	油光石
20204	杂拌儿烟
20204	炸喇喇
20204	滋汁
20204	汁水
20204	子母火
20204	皱皱
20204	竹筒花
20302	二炭
20302	桴炭
20302	麸炭
20302	桴渣儿
20302	㭎炭
20302	杠炭
20302	闷窑炭
20302	块子柴
20302	煤头
20302	岚炭
20302	泡炭
20302	炭花儿
20302	炭圆儿
20302	窑灰
20303	竿竿
20303	火砖
20303	荒子
20303	浆石
20303	姜石
20303	马叉
20303	朽叉
20303	篾块
20303	木马
20303	岩包石
20303	连耳石
20303	亮瓦
20303	泥巴
20303	泥脚
20303	泥砖
20303	泡沙石
20303	签签
20303	荞面灰
20303	沙沙
20303	散漂
20303	石米儿
20303	石子儿
20303	刷条子
20303	跳礅
20303	栈栈儿
20304	板板
20304	笕槽
20304	铺板
20304	墙子
20304	油漆
20305	麻筋
20306	洋瓷
20307	肥实
20307	粪草
20307	粪水
20307	枯
20307	油糕
20401	拌桶
20401	挞斗
20401	钉钉儿
20401	划
20401	花
20401	消息
20402	荡
20402	风簸机
20402	风车车
20402	风斗
20402	戽水篼
20402	赶网子
20402	硄
20402	哈扒
20402	旱碾
20402	薅锄
20402	枷担
20402	马蹄镰
20402	磨担儿
20402	磨磴儿
20402	磨扇
20402	犁头
20402	犁辕
20402	连盖
20402	礌礌儿
20402	櫑
20402	櫑子
20402	碾槽
20402	片耳锄
20402	挖锄
20402	响篙
20402	响壳儿
20402	响刷
20402	响竹
20402	欣槃
20402	腰磨
20403	叉
20403	叉叉
20403	敞敞
20403	敞子
20403	撑撑儿
20403	铲铲
20403	锤锤儿
20403	刀刀儿
20403	抵门杠
20403	耳棒
20403	耳朵
20403	刮子
20403	棍棍
20403	篙竿
20403	篇杆
20403	榱竿
20403	椽杆
20403	濠竿
20403	夹夹
20403	夹镊子
20403	毛夹子
20403	毛镊子
20403	挟
20403	捡
20403	拣
20403	检
20403	开山儿
20403	砍刀
20403	抿子
20403	刚子
20403	拗撬
20403	拗棒
20403	罗筛
20403	㮟
20403	拤
20403	扦担
20403	千担
20403	筛筛
20403	掏火棍
20403	铁戳子
20403	挺仗
20403	弯刀
20403	錾錾儿
20404	裆壳儿
20404	打扎筒
20404	打火罐
20404	花脸壳
20404	灰斗
20404	提提
20404	提子
20404	眼罩
20405	把把
20405	板板车
20405	车车儿
20405	蒂蒂
20405	兜兜
20405	过街轿子
20405	拐扒
20405	线扒子
20405	滚滚
20405	黄包车
20405	叽咕儿车
20405	鸡公车
20405	枷
20405	架架车
20405	磨箍
20405	溜溜轿
20405	龙头
20405	汽划子
20405	三丁拐
20405	艄划
20405	鸭篷轿
20405	洋马儿
20405	掌子
20406	梆梆枪
20406	吊鸭儿浮水
20406	个儿
20406	红槽
20406	脚绊子
20406	脚榨
20406	脚柞
20406	课升
20406	硬火
20406	连槽
20406	炮火
20406	炮眼
20406	炮子壳壳
20406	手插子
20406	刷子抢
20406	小插子
20406	在
20501	朝门儿
20501	吊脚楼
20501	房圈
20501	火落
20501	暗房
20501	偏偏儿
20501	偏厦
20501	棚棚
20501	铺房
20501	签押房
20501	三合头
20501	四合头
20501	堂子
20501	歇房
20501	烟囱
20501	院坝
20501	月房
20501	灶房
20501	灶屋
20502	壁头
20502	壁子
20502	插插儿
20502	地脚
20502	地阵板
20502	扶梯
20502	阶沿
20502	阶糖
20502	街沿
20502	街檐
20502	阶沿坎
20502	间壁
20502	桷条
20502	桷子板
20502	关拦
20502	基脚
20502	夹壁
20502	猫儿洞
20502	门斗
20502	门枋
20502	门格墩儿
20502	门扣儿
20502	门扣子
20502	额子
20502	篱壁
20502	篱寨
20502	龙门子
20502	楼梯
20502	牛肋巴窗子
20502	披水
20502	签子门
20502	裙板
20502	晒台
20502	厦子
20502	台台
20502	梯坎
20502	梯梯
20502	瓦角子
20502	瓦沟
20502	望板
20502	屋梁
20502	屋团屋转
20502	檐阶
20502	檐沟
20502	檐坎
20502	折子
20502	柱头
20502	柱柱
20502	桩桩
20503	独卡子路
20503	巷巷儿
20503	巷子
20503	立
20503	尿巷子
20503	桥桥儿
20503	磉磴
20504	漏桩
20504	窝窝
20504	窝子
20504	抬圈
20504	堰
20504	堰塘
20506	火树
20508	坟包
20508	官山
20508	关山
20508	棺山
20508	庙子
20508	香火
20508	字库
20509	火厂坝
20601	抽抽
20601	抽厢儿
20601	打杵
20601	拐杵子
20601	打杵子
20601	凳凳儿
20601	骨牌凳
20601	柜柜
20601	火塘子
20601	火塘
20601	轿椅
20601	马凳
20601	马架子
20601	凉椅
20601	马架椅
20601	面
20601	凉板
20601	喷喷椅
20601	签押桌
20601	藤绷子床
20602	笆笆
20602	笆篓
20602	坝单
20602	板带
20602	梆梆
20602	膀圈
20602	包包
20602	包包儿
20602	包单
20602	刨花水
20602	杯杯
20602	背筑
20602	背架
20602	被条
20602	钵钵
20602	簸簸
20602	簸筐
20602	绷绷儿
20602	叉头扫把
20602	茶船子
20602	茶船
20602	菜板儿
20602	炒锅
20602	草帘子
20602	草縺
20602	车车灯
20602	撑杆儿
20602	撑花儿
20602	撑子
20602	撮撮
20602	撮箕
20602	床笆子
20602	床笆
20602	吹火筒
20602	带带儿
20602	档档儿
20602	灯盏
20602	囤子
20602	吊子
20602	碟碟儿
20602	鼎锅
20602	顶锅
20602	篼篼
20602	斗筐
20602	斗碗
20602	斗十四
20602	碓窝
20602	对窝
20602	耳锅
20602	壶壶儿
20602	缸钵
20602	缸缸
20602	缸儿
20602	锅锅儿
20602	裹缠
20602	裹肚兜
20602	裹肚儿
20602	钩钩伞
20602	钩钩儿
20602	鼓子
20602	古子
20602	括扒
20602	挂表
20602	罐罐儿
20602	海碗
20602	汗帕子
20602	活页
20602	盒盒
20602	火板板
20602	火笼
20602	火匣匣
20602	火纸
20602	烘笼儿
20602	宏桶
20602	荒篮儿
20602	黄桶
20602	鸡肠带
20602	鸡罩
20602	夹背
20602	巾巾
20602	筋筋
20602	襟襟
20602	巾子
20602	金坛
20602	警察灯
20602	脚帘
20602	炕灶
20602	彄彄
20602	扣扣
20602	箍子
20602	筐筐
20602	麻索
20602	马洪背儿
20602	帽儿头
20602	冒儿头
20602	密背笼
20602	摩登儿红
20602	没奈何儿
20602	阑干
20602	篮篮
20602	捞捞
20602	捞食口袋
20602	链链儿
20602	亮油壶
20602	油壶子
20602	亮油壶子
20602	箩笼
20602	箩箩
20602	笼
20602	笼笼
20602	漏瓢
20602	炉缸
20602	炉炉儿
20602	炉桥
20602	擂擂儿
20602	牛纤绳
20602	牛牵绳
20602	牛纤索
20602	卧单
20602	瓮子锅
20602	扒扒儿
20602	帕
20602	帕帕
20602	帕子
20602	牌九
20602	盘盘
20602	襻襻儿
20602	绊绊儿
20602	襻绳
20602	泡子
20602	盆盆
20602	片子
20602	瓢羹儿
20602	瓢瓢
20602	瓶瓶儿
20602	品碗
20602	铺陈
20602	铺盖
20602	铺笼帐被
20602	蒲扇
20602	起吊吊
20602	钱纸
20602	圈子
20602	沙罐儿
20602	晒簟
20602	晒席
20602	扫把
20602	扫扫儿
20602	丝儿
20602	丝丝
20602	丝子
20602	索索
20602	手壶
20602	手袱子
20602	手巾
20602	縢包
20602	縢袋
20602	刷把
20602	刷刷
20602	随手
20602	绳绳儿
20602	坛坛
20602	坦坦碗
20602	汤锅
20602	汤瓢
20602	汤碗
20602	躺席
20602	套套儿
20602	挑箱
20602	拖翻
20602	拖帕
20602	桶箍儿
20602	桶桶
20602	桶子
20602	土巴碗
20602	土碗
20602	挖耳子
20602	绾子
20602	蚊帚子
20602	五更鸡
20602	稀滥子背筑
20602	稀眼背笼
20602	系系
20602	虾爬
20602	名
20602	匣子
20602	线线
20602	香包儿
20602	香胰子
20602	箱箱
20602	孝顺儿
20602	烟棒
20602	烟杆儿
20602	烟荷包儿
20602	檐灯
20602	洋碱
20602	洋头绳儿
20602	洋油
20602	樱子
20602	舀舀儿
20602	衣架子
20602	胰子
20602	缨缨
20602	鸳篼
20602	苑篼
20602	冤篼
20602	缘条
20602	掌盘
20602	灶额
20602	灶头
20602	罩子
20602	枕帕
20602	枕头帕
20602	盅盅儿
20602	帚布
20602	帚帕
20602	竹笆
20602	竹笆子
20602	竹麻
20602	竹扒
20602	箸子
20602	状元碗
20602	嘴笼子
20602	坠子
20603	疤
20603	补疤疤
20603	抱鸡母棉鞋
20603	鸡婆鞋
20603	抱鸡婆棉鞋
20603	背背裤
20603	叉叉裤
20603	衬衬儿
20603	撮撮帽
20603	打包头
20603	磴磴
20603	等等
20603	墩墩
20603	斗蓬
20603	耳子
20603	二尺五
20603	瓜耳皮
20603	瓜皮子
20603	褂褂儿
20603	滚身儿
20603	鞋底板
20603	鞋底巴儿
20603	鞋底掌
20603	鞋脚
20603	鞋子
20603	汗襟儿
20603	汗褐儿
20603	汗褡儿
20603	汗褡子
20603	汗衣
20603	项巾
20603	怀兜
20603	鸡皮绉
20603	鸡皮皱
20603	夹袄
20603	夹衫
20603	架架儿
20603	脚马
20603	脚码
20603	口水笼笼
20603	裤儿
20603	裤裤儿
20603	帽儿
20603	帽帽
20603	面已
20603	老家公鞋
20603	领架
20603	领褂
20603	领架子
20603	阿儂袋
20603	阿娘袋
20603	窝子草鞋
20603	卧龙袋
20603	披衫
20603	帔衫
20603	裙包
20603	裙袍
20603	裙裙儿
20603	靸板儿鞋
20603	三接头
20603	甩尖子皮鞋
20603	拖板儿鞋
20603	袜船
20603	围围
20603	围腰
20603	围腰帕
20603	小衣
20603	胸褡子
20603	摇裤
20603	遮檐
20603	钻钻儿
20603	转围围
20701	版子
20701	挡子
20701	过山号
20701	䀦
20701	蒙子
20702	巴浪鼓
20702	巴浪鼓儿
20702	地转转
20702	风登儿
20702	高脚蹬
20702	高脚狮子
20702	活把戏
20702	就口馍馍
20702	毛毽
20702	磨牙棒
20702	木脑壳
20702	木牛
20702	六冲子
20702	咬牙棒
20702	牛牛儿
20702	梭夜子
20702	五马
20702	响簧
20703	把凭
20703	白墨
20703	车笔刀儿
20703	寸节子
20703	寸节
20703	单单
20703	吊牌
20703	飞飞儿
20703	飞子
20703	飞纸
20703	封皮
20703	格格
20703	花叶子
20703	界方
20703	壳子
20703	墨笔
20703	墨盘儿
20703	撇撇
20703	别别
20703	旗旗儿
20703	卡
20703	条条儿
20703	信壳儿
20703	邮分儿
20703	折折
20703	跐胶
20704	吹吹儿
20704	倒头纸
20704	枋子
20704	挂纸
20704	火炮
20704	火匣子
20704	花儿
20704	祭幛
20704	家神榜
20704	叫叫儿
20704	叫子
20704	金银斗壳
20704	口笛
20704	买山钱
20704	铃铃
20704	令牌
20704	哨哨儿
20704	神香
20704	司刀
20704	寿木
20704	水饭
20704	吞口儿
20704	头炮
20704	蚊烟儿
20704	香头子
20704	醒炮
20704	洋蜡
20801	粑粑
20801	包谷泡儿
20801	包谷花儿
20801	玉麦花儿
20801	包面
20801	保肋肉
20801	保奶肉
20801	宝奶肉
20801	白眼饭
20801	白宰鸡
20801	边油
20801	冰粉儿
20801	饼饼
20801	玻璃开水
20801	抄手儿
20801	槽子糕
20801	炒面
20801	陈麻婆豆腐
20801	吃白饭
20801	冲冲糕
20801	冲菜
20801	春尖儿
20801	胆水
20801	担担儿面
20801	当顿
20801	刀头
20801	倒糖关刀
20801	倒糖人
20801	冻粑
20801	豆花儿
20801	豆腐鱼
20801	算筋
20801	豆笋
20801	饭粘子
20801	肥大块
20801	浮子
20801	糊子
20801	酒浮子
20801	嘎嘎
20801	戛戛
20801	胸胸
20801	盖面菜
20801	干菜
20801	羹羹儿
20801	锅巴盐
20801	锅魁
20801	钢盔
20801	锅块
20801	骨牌片儿
20801	鼓眼白饭
20801	鼓眼饭
20801	拐肉
20801	关刀肉
20801	咸烧白
20801	黑糖
20801	火烧子
20801	火烧子馍馍
20801	红苕片儿
20801	红油
20801	化猪油
20801	化油
20801	黄糖
20801	灰毛儿
20801	灰面
20801	混合油
20801	鸡哈豆腐
20801	夹沙肉
20801	姜米
20801	浆子
20801	绞绞肉
20801	搅团
20801	浸咸菜
20801	酒米
20801	搅搅
20801	扣肉
20801	麻婆豆腐
20801	麻糖
20801	𩛲𩛲
20801	帽结子
20801	霉豆腐
20801	焖锅饭
20801	闷锅饭
20801	免红
20801	免青
20801	面茶
20801	面鸡儿
20801	面坨坨
20801	老面
20801	老肉
20801	冷饭
20801	立尾儿
20801	两头望
20801	线儿
20801	卤水
20801	尼姑尿
20801	牛肺片
20801	泡泡肉
20801	泡粑
20801	盆盆肉
20801	俏荤
20801	撬荤
20801	俏荤菜
20801	清油
20801	酿肠
20801	肉皮子
20801	软膁
20801	三合泥
20801	馓子
20801	烧白
20801	烧刀子
20801	烧晃子
20801	烧腊
20801	烧醪醪
20801	烧老二
20801	苕果儿
20801	臊子
20801	消
20801	消水
20801	十二相
20801	食子
20801	手摊子
20801	熟油
20801	熟油海椒
20801	素面
20801	汤粑儿
20801	汤汤
20801	糖食
20801	糖油果子
20801	桃片
20801	蹄膀
20801	甜烧白
20801	腿腿儿
20801	稀饭
20801	稀汤汤
20801	洗沙
20801	香香
20801	响皮
20801	相料
20801	小菜饭
20801	血巴汤
20801	血旺
20801	雪花盐
20801	烟锅巴
20801	烟屁股
20801	烟尾巴儿
20801	盐巴
20801	盐蛋
20801	油荤
20801	油气
20801	油旋子锅魁
20801	油旋子
20801	油珠珠儿
20801	渣渣肉
20801	杂酒
20801	榨榨面
20801	杂包儿
20801	灶糖
20801	蒸蒸糕
20801	坐墩儿肉
20801	坐墩儿
20801	猪边
20801	猪合食
20802	蜂糖
20803	唆唆
20803	云土
30101	格老子
30101	跟老子
30101	过恶事
30101	夹食伤寒
30101	节节
30101	节子
30101	截子
30101	哪
30101	嘞
30101	恁
30101	偌
30101	偌么
30101	素活路
30101	台子
30101	汤水
30101	桃花运
30101	些来小去
30101	许
30101	悬火
30101	漩漩儿
30101	漩子
30101	这们
30101	众
30102	板眼儿
30102	半中半腰
30102	半中拦腰
30102	别门
30102	扯由头
30102	钢鞭
30102	根根芽芽
30102	根芽
30102	后头
30102	借由头
30102	借油头
30102	脚步
30102	开
30102	开初
30102	开首
30102	名儿堂
30102	名名堂
30102	拦中半腰
30102	排头
30102	清秋大路
30102	让手
30102	让势
30102	推口话
30102	下梢
30102	下稍头
30102	幺二三
30102	子曰
30103	点子
30103	方子
30103	过门儿
30103	卯窍
30103	妙窍
30103	窝子戏
30103	趣益
30103	趣逸
30103	歪歪道理
30103	弯弯道理
30104	吃偷偷食
30104	地皮风
30104	风风儿
30104	过午
30104	过早
30104	开教训
30104	寿元
30104	挺尸
30104	夜饭
30105	活天冤枉
30105	梅子树
30105	霉魁
30105	抹豁
30105	烂龙门阵
30105	坳坳
30105	凉起
30105	梁子
30105	取头
30105	汤
30105	汤元开水
30105	瞎
30106	摆摊子
30106	摆摊摊儿
30106	摆扎
30106	场口
30106	打
30106	打喷嚏
30106	大大概概
30106	大谱谱儿
30106	底盘
30106	底实
30106	动象
30106	方向
30106	呵嗨
30106	合得起手
30106	扣手
30106	码目
30106	苗稼
30106	苗价
30106	苗苗
30106	来气
30106	年风
30106	年岁
30106	取草帽子
30106	取草帽围圈
30106	势子
30106	台面
30106	台盘
30106	样份儿
30106	样番儿
30106	样样儿
30106	扎扎
30106	眨眨
30107	包
30107	背复
30107	不算得
30107	充狠
30107	带过
30107	带汤
30107	带汤带水
30107	拐台
30107	漏眼
30107	苕菜背篼
30107	作孝敬
30109	沉沉
30109	款款
30109	亏
30109	牵绊
30201	齿齿
30201	二粗丝
30201	过场
30201	筋筋网网
30201	块块
30201	筷子条
30201	马桶盖
30201	妹妹头
30201	溜溜儿
30201	圝
30201	偏搭搭儿
30201	齐桶桶
30201	三尖角
30201	梭梭头
30201	西湖景儿
30201	鸭屁股头
30201	元神
30201	原封原样
30202	扁毛儿
30202	记认
30202	母子
30202	滥贱
30202	滥见
30202	相应
30202	豭
30203	簸箕阵
30203	打打行
30203	得行
30203	二合二面
30203	箍箍
30203	列子
30203	路
30203	一条枪
30204	半截
30204	段段儿
30204	过经过脉
30204	火色
30204	假过场
30204	紧水滩头
30204	坎节
30204	面子活路
30204	脸壳子
30204	气口
30204	喜神壳儿
30204	戏脸壳儿
30204	心心
30205	隔隔
30205	体气
30205	体子
30206	打打扮扮
30206	大样
30206	二郎腿
30206	啃生魔芋
30206	门神脸
30206	面相
30206	爱好
30206	脸貌儿
30206	脸模儿
30206	派
30206	派势
30206	身架子
30206	身胚
30206	身身儿
30206	神光
30206	收拾
30206	胎胎儿
30206	相头儿
30206	眼水
30207	变脸变色
30207	后催
30207	见气
30207	劲仗
30207	劲涨
30207	眉毛立起
30207	拉中杠
30207	气骤
30208	标子
30208	浑名儿
30208	老摆
30208	老要
30208	牌牌
30208	歪号
30208	歪名
30209	岔肠子
30209	叉肠子
30209	担当
30209	德性
30209	德行
30209	断尾巴牛
30209	风光
30209	怀怀
30209	客来疯
30209	咬卵匠
30209	牛黄丸
30209	脾味
30209	脾性
30209	水功
30209	水性
30209	体份=儿
30209	弯弯心肠
30209	心镜
30209	斩杀
30209	坐性
30209	嘴头子
30301	打猫儿心肠
30301	翻
30301	饭
30301	狠得下心
30301	脑筋
30301	天理良心
30302	打相好
30302	鬼火
30302	恨眉恨眼
30302	假巴意思
30302	皮绊
30302	屁
30302	肉笃笃
30302	肉几几
30303	盘心
30303	向
30303	向口儿
30303	眼
30303	眼火
30303	眼子
30303	争嘴
30304	编筐筐
30304	编圈圈
30304	定心汤圆
30304	鬼八卦
30304	鬼板眼儿
30304	鬼点子
30304	猫儿毛病
30304	烂肠子
30304	烂心肺
30304	烂药
30304	言语
30305	收收拾拾
30306	地脉龙神
30306	二辈子
30306	鸡脚神
30306	脉气
30306	胖官
30306	收脚迹
30306	天老爷
30306	天王老子
30306	吴二爷
30306	小神子
30401	法团
30401	公口
30401	码头
30401	堂口
30401	孤人
30401	家子
30401	妈屋
30401	蛮家
30401	蛮子
30401	满巴儿
30401	薄吧儿
30401	娘屋
30401	袍皮老儿
30401	人家户
30401	一门关尽
30401	坐家
30402	声光
30402	私绞
30402	势要
30402	为敬
30402	小的
30402	缘法
30403	口岸
30404	搞惯
30404	讲礼
30404	老古板
30404	礼礼信信
30404	挖窖
30405	搞啥子钢的
30405	搞啥子灯儿的
30405	青山生意
30405	烧匠
30406	唱玩友儿
30406	蹬打
30406	登打
30406	𢭃虫虫飞
30406	𢭃牛牛
30406	活泛
30406	活摇活动
30406	活摇活甩
30406	九大碗
30406	石步子
30406	手脚
30406	弹啵啰
30406	跳拱
30406	油大
30501	省
30502	龙门阵
30502	卡房
30503	本等
30503	勾勾挂挂
30601	长毛
30601	解哥子
30601	牵
30602	冷噤
30602	仗火
30602	阵仗
30702	大团结
30702	扛子
30702	工农兵
30702	分分儿
30702	杠子
30702	挂挂钱
30702	毫子儿
30702	块块子
30702	案桌
30702	票儿
30702	铺鋪儿
30702	翘宝
30702	驼背
30702	袁大脑壳
30703	斗息
30703	敲敲钱
30704	财喜
30704	浮财
30704	混来财
30704	家务
30704	家筵
30704	泡财
30704	生发
30704	手面
30704	数数儿
30704	外来财
30705	洞洞
30705	搞头
30705	海帐
30705	框框
30705	眼眼
30706	吃缴
30706	撮撮钱
30706	份子
30706	封封
30706	号钱
30706	家缴
30706	缴缠
30706	绞缠
30706	缴费
30706	缴用
30706	脚力钱
30706	脉礼
30706	力钱
30706	力脚钱
30706	零碎钱
30707	糟房
30707	烧房
30707	广货店
30707	号口
30707	红锅饭店
30707	浑堂子旅馆
30707	尖站
30707	金果铺
30707	明堂子
30707	南馆
30707	清堂子旅馆
30707	群口
30707	肉架子
30707	私窝子
30707	柿子园
30707	水食店
30707	摊摊儿
30707	剃头厂子
30707	歇客店
30707	幺店子
30707	腰店子
30707	腰站
30707	栈房
30707	站房
30707	转角场
30707	大场
30707	转转场
30801	字墨
30802	豆芽科
30803	把子
30803	靶子
30803	摆条
30803	打眼
30803	当真话哩
30803	道道
30803	端
30803	断头话
30803	二话
30803	方圆
30803	杠
30803	怪话
30803	光面子
30803	光堂话
30803	狠话
30803	话把子
30803	话头子
30803	画画儿
30803	黄话
30803	黄腔
30803	鸡胸鸭背
30803	空话
30803	空龙门阵
30803	口角子
30803	口前话
30803	口水话
30803	米汤
30803	苗
30803	老古式话
30803	欧起欧起
30803	连靶子话
30803	缥
30803	谱谱儿
30803	腔口
30803	悄悄话
30803	㩙话
30803	蚀财免灾
30803	说聊斋
30803	甩甩话
30803	顺气话
30803	天说地说
30803	头子
30803	闲条
30803	现眼咒
30803	言子
30803	洋码子
30803	一头
30803	阴龇文
30803	坐谈
30804	口曲子
30805	背书
30805	查号
30805	清号
30805	重皮子话
30805	打总成
30805	牛皮鲊
30805	起心
30805	圣谕书
30805	总成
30807	海底
30807	声口
30808	堆头
30808	杠杠
30808	腰翘
30808	腰窍
30901	坝坝舞
30901	踩左踩右
30901	打加官
30901	打柳连柳
30901	柳连柳
30901	绺连绺
30901	莲箫
30902	被单戏
30902	灯影戏
30902	粉壳壳花脸
30902	荷叶
30902	讲圣谕
30902	讲善书
30902	十八扯
30902	耍把戏
30902	围鼓
30902	戏锅巴
30902	相书
30902	新剧
30902	幺台戏
30904	操坝
30904	扯谎坝
30904	浮仰仰水
30904	狗刨骚
30904	狗刨烧
30904	滚澡
30904	斤斗
30904	扑爬
30904	扑趴
30904	屎棋
30904	仰天八叉
30905	摆子
30905	冰口
30905	寸耳寒
30905	钉
30905	冻疤儿
30905	对
30905	对对眼儿
30905	发狗牙疯
30905	发痧
30905	粪独儿
30905	干疮
30905	干疮子
30905	干疙痨
30905	隔食
30905	鬼眨眼
30905	寒病
30905	寒哥儿
30905	火巴眼
30905	火体子
30905	齁
30905	鸡痱子
30905	鸡摸眼
30905	鸡窝寒
30905	精光瞎
30905	口口
30905	口皮
30905	母猪风
30905	烂眉烂眼
30905	子
30905	漆痱子
30905	青头儿包
30905	烧包
30905	停食
30905	睫睦眼儿
30905	羊儿疯
30905	母猪疯
30905	杨梅
30905	翳子
30905	照电火
30905	𡎺
30905	做工夫
31001	钢火
31001	根头
31001	个个儿
31001	汉仗
31001	块头
31001	俏
31001	翘
31002	须子
31002	长
31002	拙
31002	大
31002	达
31002	带
31002	带点
31002	趸数
31002	敢比
31002	整
31002	下数
31002	好多
31002	火
31002	满
31002	孬
31002	蹩
31002	鄙
31002	捷
31002	圈圈
31002	先不先
31002	新儿
31002	幺
31002	一多半
31002	争
31003	啵啰
31003	尊
31003	串串
31003	蔸
31003	对对儿
31003	杆
31003	给
31003	根
31003	寡
31003	架
31003	肩
31003	交
31003	颗
31003	箍
31003	块
31003	拈
31003	扒
31003	刨
31003	泼
31003	棚子
31003	铺
31003	刷子
31003	踏
31003	台
31003	趟子
31003	筒
31003	些
40102	吃长饭
40102	多阵
40102	哈哈儿
40102	哈儿
40102	年辰
40102	年生
40102	年成
40102	年程
40102	一哈哈儿
40102	一哈儿
40103	挨年逼节
40104	二回
40104	二天
40104	寒场天
40104	闲场天
40104	寒天
40104	将后来
40104	开先
40104	空空
40104	老早八早
40104	冷场
40104	晏息
40104	头回
40104	头前
40104	现刻
40104	眼时
40104	一早
40104	原前
40104	在前
40104	在早
40104	早前
40104	早先
40105	倒春寒
40105	多半年
40105	见月
40105	年时子
40105	晴正
40105	上前年
40105	上前天
40105	外后年
40105	万后天
40105	亚天
40105	夜天
40105	朝天白日
40105	昨年
40105	昨年子
40105	周年
40105	周年四季
40106	白日清光
40106	清光白日
40106	擦粉儿亮
40106	擦黑
40106	打早
40106	当顶
40106	定更砲
40106	断黑
40106	粉粉亮
40106	见亮
40106	开亮口
40106	哪百年
40106	哪阵
40106	那阵
40106	挨晚边
40106	连更宵夜
40106	落黑
40106	青光白日
40106	清早八晨
40106	侵早八晨
40106	晌午
40106	晨早
40106	晚黑
40106	夜晚黑
40106	月黑头
40106	早起
40107	冬寒天
40107	老大初一
40107	老颠懂
40107	老颠东
40107	老颠冬
40107	年尽月满
40107	秋年四季
40107	散生
40107	烧七
40107	新年八节
40201	八方
40201	半边
40201	边边
40201	当边
40201	当门
40201	底底下
40201	肚肚
40201	耳巴子
40201	耳矢
40201	跟前
40201	号
40201	后背
40201	鸡啄地
40201	哪跟前
40201	哪下儿
40201	哪塌
40201	哪达
40201	哪搭
40201	那点儿
40201	那跟前
40201	那下儿
40201	那塌
40201	那达
40201	那搭
40201	落巴儿
40201	落窝蛋
40201	内伙子
40201	内盘儿
40201	瓤子
40201	上八位
40201	上席
40201	头
40201	团转
40201	位子
40201	舷舷
40201	吆鸭子
40201	侧边
40201	这
40201	这边前
40201	这点儿
40201	这跟前
40201	这下儿
40201	这塌
40201	这塔
40201	这头
40201	自伙
40201	自伙子
40201	坐场
40201	座头
40203	场
40203	场合
40203	场伙
40203	地头
40203	坟山
40203	面子
40203	杀房
40203	上广
40203	水经
40203	塔塔
40203	烫灶房
40203	弯弯
40203	下路
40203	乡坝
40203	宰房
40204	背林林
40204	当地
40204	凼凼
40204	荡荡
40204	档头
40204	当头
40204	倒拐
40204	倒弯
40204	顶头
40204	缝缝
40204	拐
40204	拐拐
40204	井
40204	㮟儿
40204	旯儿
40204	㮟㮟
40204	卡卡
40204	胯胯
40204	㮟㮟角角
40204	坑坑
40204	口子
40204	磨角
40204	摸角
40204	崖壳儿
40204	崖腔
40204	崖框
40204	落窝凼
40204	窝堂
40204	缺缺
40204	缺缺𠵫𠵫
40204	塍塍
40204	巫教堂子
40204	垭口
50101	叭
50101	拌
50101	焙
50101	煽
50101	逼
50101	掸
50101	逞
50101	摌
50101	抻
50101	拔
50101	趱
50101	捶
50101	打对碰
50101	刁
50101	赶
50101	剐
50101	擦
50101	挂
50101	挄
50101	哈脐沟儿
50101	哈脐官儿
50101	挤
50101	开仓
50101	靠
50101	抠
50101	构
50101	跬
50101	抹
50101	掠
50101	迷
50101	抡
50101	锕
50101	挨
50101	硙
50101	按
50101	隐
50101	碾
50101	搒
50101	掽
50101	清缝
50101	挼
50101	雍
50101	轧
50101	擢
50101	拽
50102	扳
50102	扯伸
50102	搊
50102	抽
50102	揍
50102	绵缠
50102	搣
50102	摸索
50102	启
50102	耸
50102	销
50102	抈
50103	把
50103	逮
50103	敲
50103	捞
50103	平仄
50103	掌
50104	敌
50104	魁
50104	排
50104	司
50105	顿
50105	电
50105	掟
50105	叮
50105	丢达
50105	舵
50105	窖
50105	葛
50105	摜
50105	陷
50105	闪手
50105	甩
50105	掞
50105	𢽻
50105	罨
50106	巴
50106	粑
50106	糊
50106	冱
50106	
50106	揪
50106	纠
50106	就
50106	擟
50106	捏(nia)
50106	撵脚
50106	撵路
50106	咬脚
50106	生
50106	套
50106	䙅
50106	腰
50106	柞
50106	榨
50106	跐
50107	打单穿
50107	登
50107	蹬
50107	撇
50107	起
50107	靸
50108	造
50108	打波罗
50108	打花
50108	动
50108	泛
50108	搅
50108	磨
50108	抖包包
50108	抖伸
50108	舞
50108	舞弄
50108	指分
50109	\u3037b
50109	打抹
50109	啐
50109	困水
50109	抹澡
50109	冒
50109	浪
50109	淋
50109	酿
50109	撒
50109	搲
50109	围
50109	饮
50109	帚
50110	解
50110	革
50110	滚刀块
50110	滚切
50110	抳
50110	片
50110	㓲
50110	抨
50110	扻
50110	梳子背
50110	挺
50110	剿
50110	宰
50110	啄
50111	打空手
50111	打甩手
50111	素手
50111	甩空手
50112	拌脚板
50112	冲
50112	杵杵戳戳
50112	趱趱
50112	打趱趱
50112	打磨旋
50112	打偏偏
50112	跌跌趱趱
50112	翻脚板
50112	放趟子
50112	浮
50112	凫
50112	筋筋绊绊
50112	跑趟子
50112	轻脚轻爪
50112	杀田坎
50112	压马路
50113	猴跳武跳
50113	𡘧
50113	䠍
50114	喳虚脚
50114	踩假水
50114	踩虚脚
50114	跌脚
50114	跌脚绊爪
50114	躧
50114	卡子
50114	跷
50115	跍
50115	沽
50115	盘脚
50201	点头磕脑
50201	点头啄脑
50201	闷倒脑壳
50202	递点子
50202	睖
50202	睔
50202	楞
50202	轮
50202	起眼
50203	打喯儿
50203	丢口
50203	董
50203	嘟
50204	得见
50204	盯
50204	晃
50204	瞄
50204	瞟
50204	瞅
50204	睃
50204	藤
50204	听壁脚
50204	听墙根儿
50204	相
50205	吃
50205	吃白食
50205	吃得落
50205	干哽
50205	噉
50205	哽
50205	梗
50205	哈胀
50205	憨吃闷胀
50205	憨胀
50205	蠶毛蓋扫
50205	回嚼
50205	咪
50205	饿捞饿虾
50205	销缴
50205	胀
50205	照水碗
50205	坐水台子
50206	猋
50206	沆
50206	齁痨气喘
50206	利汗
50206	七齁八喘
50206	烧
50206	烧流流儿
50206	烧牛屎堆
50207	呻唤
50207	喊
50207	吼
50207	惊叫唤
50207	精叫唤
50207	拖声拉气
50207	鸣嘘呐喊
50207	吆二喝三
50207	张声
50207	吱声
50301	打宓头
50301	打涨头
50301	没
50301	没头儿
50301	㳽头儿
50301	没子
50301	迷子
50304	跟斗
50304	跟斗儿
50304	筋斗
50304	筋斗儿
50304	打倒蹄
50304	打倒栽
50304	打倒栽中
50304	打滑
50304	打喏喏
50304	打抖
50304	打栽栽
50304	打转身
50304	倒桩
50304	颠转屁股
50304	立栽儿
50304	饿狗抢屎
50304	四仰八叉
50304	突坐
50305	横开十字
50305	睏
50305	扑
50305	摊
50305	五岳朝天
50305	仰肢八叉
50305	仰枝爬杈
50306	颠
50307	响头
50307	作请请
50401	板子
50401	并
50401	抽条
50401	笃实
50401	发蔸
50401	发体
50401	挂果
50401	叫
50401	叫春
50401	叫号
50401	叫窝
50401	开叫
50401	赖抱
50401	硬扎
50401	散籽
50401	散嘴
50401	收浆
50401	铁实
50401	走草
50402	枯焦
50402	五零四散
50402	蔫打打
50402	蔫纠纠
50402	蔫灸灸
50402	蔫梭梭
50402	蔫索索
50402	蔫扎扎
50402	燕眨眨
50403	吃挂面
50403	打嫩颠儿
50403	吊颈
50403	吊颈子
50403	短嫩颠儿
50403	翻船
50403	过串
50403	归山
50403	憨
50403	交购粮证
50403	抹喉
50403	落气
50403	气死
50403	跳井
50403	歇台
50404	吹噗打鼾
50404	打尿噤
50404	打尿战
50404	捵
50404	嗝火烟气
50404	汗巴巴
50404	汗爬滴水
50404	汗爬水流
50404	汗爬细水
50404	汗浸浸
50404	汗扎扎
50404	看外
50404	流
50404	屙
50404	痾
50404	窝
50404	噗鼾
50404	仆鼾
50404	气裹食
50404	洗干澡
50404	消灾
50405	怀身大肚
50405	怀身大气
50405	起草
50405	认脚
50405	身不空
50406	串瞌睡
50406	二麻二麻
50406	二醺二醺
50406	二醺醺
50406	二晕二晕
50406	发饭闷
50406	发梦颠
50406	瞌睡
50406	瞌睡虫
50406	朦朦着
50406	灵醒
50406	卧眠
50406	清醒白醒
50406	请瞌睡神
50406	睡不落觉
50406	醒豁
50406	啄瞌睡
50406	栽瞌睡
50406	醉
50407	麨
50407	大嘴老鸹
50407	大嘴老鸦
50407	大嘴巴老鸹
50407	口干
50407	没饱足
50407	痨
50407	劳
50407	痨肠刮肚
50407	饿叉叉
50407	饿痨
50407	饿倯
50407	饿吓吓
50407	饿相
50407	穷吃饿吃
50407	忍口
50407	忍口忍口
50407	忍嘴
50407	倯
50407	倯嘴
50407	抖倯
50408	𨃅
50408	半边风
50408	半肢风
50408	踮
50408	划盘子
50408	夹舌头儿
50408	结舌子
50408	结子
50408	夹舌子
50408	謇巴郎
50408	冒烟儿
50408	失枕
50408	筝
50408	笨
50409	不好
50409	燥火
50409	扯风
50409	出麻子
50409	做功夫
50409	打标枪
50409	打胡乱说
50409	打脑壳
50409	打转转
50409	倒饭
50409	癫
50409	逗哩拉
50409	发泡
50409	发哕
50409	灌
50409	花眼
50409	换肚皮
50409	昏浊浊
50409	昏昏浊浊
50409	架火发烧
50409	夹火发烧
50409	精痛
50409	筋痛
50409	轻痛
50409	禁
50409	噤
50409	惊
50409	㸆
50409	焅
50409	咳咳耸耸
50409	麻飞儿麻飞儿
50409	麻噜麻噜
50409	麻噜噜
50409	闷油
50409	辣烧辣烧
50409	恶痒恶痛
50409	屙肚子
50409	屙秋痢
50409	皮泡脸肿
50409	皮泡眼肿
50409	熛
50409	痒酥酥
50409	痒酥痒酥
50409	阴痛阴痛
50409	造痒
50409	肿泡泡
50410	归一
50410	好…好…
50410	忌肚
50410	惊尸
50410	美实
50410	脱体
50501	巴适
50501	巴实
50501	巴式
50501	畅畅神神
50501	放伸
50501	拉伸
50501	拿脸
50501	安逸
50501	了然
50501	轻巧
50501	受合
50501	舒泰
50501	笑呵呵
50501	新鲜
50501	洋
50501	扬
50501	洋木歪歪
50501	洋歪歪
50501	周流
50502	睁眉鼓眼
50502	吃睁眼亏
50502	揣冷红苕
50502	打不起阳气
50502	担怕
50502	烦躁躁
50502	烦难
50502	恨不住
50502	活怕
50502	焦眉烂眼
50502	焦眉皱眼
50502	苦扎苦扎
50502	苦扎扎
50502	毛躁
50502	毛燥
50502	闷
50502	懵
50502	没得事
50502	没搞
50502	没计奈何
50502	没奈何
50502	没事
50502	磨皮擦痒
50502	怄
50502	呕
50502	怄粗粗
50502	气紧
50502	欠口欠口
50502	伤惨
50502	伤味
50502	死不秋秋
50502	死秋秋
50502	说不得
50502	痛木
50502	萎缩缩
50502	心歉歉
50502	悬心
50502	眼鼓鼓
50502	要话说
50502	迂憋气
50502	皱眉眨眼
50503	摆母猪阵
50503	扯横筋
50503	踹
50503	虿
50503	打傢拌伙
50503	发毛
50503	发气
50503	发胀
50503	放泼撒虿
50503	光火
50503	黑脸董嘴
50503	脸青面黑
50503	泼虿
50503	泼死泼命
50503	气暴暴
50503	气吽吽
50503	秋风黑脸
50503	使气
50504	兴兴头头
50505	诧
50505	诧乎乎
50505	诧生
50505	睬祸事
50505	睬事
50505	彻火
50505	扯火
50505	出不得众
50505	打惊打张
50505	打惊张
50505	发虚
50505	跟斗扑爬
50505	怪声唔气
50505	猴急
50505	猴急狗跳
50505	黄脚黄手
50505	惶手惶脚
50505	层伍忘院
50505	夹脚夹手
50505	焦人
50505	焦心
50505	惊张
50505	筋斗扑爬
50505	紧逼
50505	狂眉狂眼
50505	忙
50505	忙忙慌慌
50505	猫儿攒蹄
50505	毛焦火燥
50505	毛焦火辣
50505	母鸡叫明
50505	母鸡叫鸣
50505	绿眉绿眼
50505	耳朵
50505	扑爬跟斗
50505	怯吙吙
50505	窃豁豁
50505	怯火
50505	怯生
50505	认人
50505	日怪
50505	生害怕
50505	失惊打张
50505	失神落智
50505	虾
50505	心吊吊
50505	心悬悬
50505	虚
50505	悬
50505	摇甩
50505	张巴
50505	张眉张眼
50505	胀慌
50506	出得众
50506	丢心落肠
50506	清静
50506	耍耍
50506	耍耍搭搭
50506	甩飘飘
50506	稳起
50506	游游缓缓
50507	惯失
50507	惯使
50507	惯侍
50507	稀奇
50507	喜悦
50507	眼气
50507	眼浅
50507	眼欠
50508	败味
50508	败味儿
50508	吊二话
50508	鬼抱怨
50508	鸡叫鹅叫
50508	见不得
50508	见弃
50508	釀人
50508	泼烦
50508	伤
50508	说吊话
50509	憨实有劲
50509	没得衣食
50509	神木楞吞
50510	打失悔
50510	懂窍
50510	翻碗底子
50510	人大心大
50510	醒
50510	醒事
50510	醒眼
50511	关顾
50511	懊怜
50511	造孽
50511	皂孽
50511	照看
50512	爬伸皮
50512	合量
50512	忍手
50513	巴心巴肝
50513	巴心巴肠
50513	打上眼
50513	打在眼里
50513	打张
50513	耳视
50513	尖起耳朵
50513	警觉得
50513	警心
50513	理起
50513	卡上眼角
50513	煍睬
50513	张
50513	张理
50513	张识
50513	专意
50514	摆干
50514	打二百黑片
50514	打晃子
50514	打梦冲
50514	打梦脚
50514	打梦足
50514	打梦觉
50514	淡心淡肠
50514	淡心冷肠
50514	看白
50514	看菲
50514	看神仙打仗
50514	抹脱
50514	松活
50514	松垮垮
50514	松垮松垮
50514	松泡泡
50514	亸眼皮
50514	啄梦觉
50515	趄
50515	趄步趄步
50515	赌神发咒
50515	二心不定
50515	发狠
50515	码不实在
50515	马不实在
50515	腻腻迟迟
50515	腻腻滞滞
50515	然瓦
50515	然瓦瓦
50515	远香近臭
50516	敢信
50516	肯信
50516	疑乎
50516	信实
50517	打凑和锣鼓
50517	拱服
50517	要得
50517	依教
50517	招仗
50517	招帐
50518	编方打条
50518	编筐打条
50518	打条
50518	假比
50518	默
50518	默神
50518	抬
50518	想方打条
50518	钻头觅缝
50519	打猜猜
50519	打猜谜儿
50519	打猜谜子
50519	打谜子
50519	估谙
50519	谙
50519	谙乎
50519	小九九
50520	伸腰
50520	回豁
50520	清白
50520	清汤
50520	熟人熟事
50520	晓得
50521	巴望
50521	巴幸不得
50521	巴心不得
50521	贪
50521	香
50522	默倒
50522	默到
50522	默道
50522	傲
50522	熬
50522	傲起傲起
50522	谅
50522	量
50522	谅实
50522	咬倒犟
50522	怕
50522	乘得住火
50522	坐法台
50523	打尽头主意
50523	抠个个钱
50523	论彼此
50523	安顿
50524	搞忘
50525	唯愿
50526	本得
50526	不犯于
50526	不犯着
50526	该得
50526	没说
50526	来不倒
50526	两口话
50526	须得
50526	要不得
50601	喊皇天
50601	哭哭唱唱
50601	哭流扒涕
50601	哭流八演
50601	哭稀乃呆
50601	哭稀稀
50601	嘻哈打笑
50601	笑扯扯
50601	笑眯
50601	笑泥
50602	不来烟烟
50602	痴眉痴眼
50602	疵眉疵眼
50602	痴眉钝眼
50602	疵眉钝眼
50602	迟眉钝眼
50602	痴眉楞眼
50602	打不出喷嚏
50602	发憨
50602	翻眉白眼
50602	戆
50602	闷儿起麻起
50602	神楞
50602	哑火
50602	直勾勾
50603	䀦眉䀦眼
50603	红头花色
50603	码
50603	勒眉恨眼
50603	睖睛䀦眼
50603	息气
50604	绷大方
50604	绷苏气
50604	打炮架
50604	打坐地冲锋
50604	作古正经
50604	做过做场
50604	做声做气
50604	装疯迷窍
50604	装疯使佯
50604	装猫儿吃像
50605	薄皮子人
50605	吃宽面
50605	发离
50605	花花儿
50605	面红筋胀
50605	面浅
50605	没血皮
50605	脸长
50605	脸红筋胀
50605	怯口
50605	上脸
50605	烧泡子
50605	死皮
50605	死皮赖活
50606	饱米
50606	鼓背背
50606	精蹦
50606	精蹦蹦
50606	筋蹦嘣
50606	扎劲
50606	展劲
50606	攒劲
50607	鼻塌嘴歪
50607	扯稀扯稀
50607	扯稀稀
50607	大冒大咧
50607	二甩二甩
50607	脚畑手软
50607	霉秋秋
50607	懒痴痴
50607	懒眉懒眼
50607	懒绵懒绵
50607	懒梭梭
50607	懒拖拖
50607	懒妥妥
50607	懒稀稀
50607	懒心无肠
50607	懒心淡肠
50607	饿过
50607	皮搭嘴歪
50607	嫖赌嚼摇
50607	煍眉煍眼
50607	松捞捞
50607	凹眉駆眼
50607	斜眉吊眼
50607	蔫不塌塌
50607	蔫眉耷眼
50607	蔫皮搭脑
50607	蔫撆撆
50607	蔫塌塌
50607	蔫搭搭
50607	蔫亸亸
50607	蔫軃軃
50607	蔫妥妥
50607	蔫拖拖
50607	蔫亸蔫亸
50607	奄妥奄妥
50607	阴施倒阳
50701	拜生
50701	搬月亮家
50701	抱
50701	抱蛋儿
50701	操
50701	吃老米饭
50701	吃安胎
50701	吃闲茶
50701	搭力
50701	打广
50701	打滚龙
50701	打流
50701	打野食子
50701	踔
50701	动大刑
50701	各顾各
50701	混寿缘
50701	加班茶
50701	卖抄手
50701	莽起
50701	凉夜
50701	溜边边
50701	溜边梭角
50701	娄起
50701	娄实
50701	跑码头
50701	跑滩
50701	颇
50701	迫
50701	破
50701	梭边边
50701	梭空空
50701	讨口
50701	拖懒杆子
50701	偷奸躲懒
50701	亡命
50701	王逛而且
50701	下马力
50701	香火坐箩篼
50701	小接
50701	歇
50701	扎
50701	扎实
50701	扎什
50701	轧实
50701	挣
50701	坐
50701	走广
50701	住扎
50701	做生
50702	补补联联
50702	搭火
50702	搭炉子
50702	打闪
50702	打整
50702	擀盘子
50702	捡顺
50702	砍脑壳
50702	炕
50702	烤霸王火
50702	辣
50702	沤
50702	涹
50702	噁
50702	撩
50702	露
50702	爬起来
50702	软火
50702	杀=贴=
50702	烧烫
50702	收捡
50702	调摆
50702	洗整
50702	向火
50702	歇凉
50702	歇稍
50702	修面
50702	扎花
50703	办招待
50703	造粉子
50703	择嘴
50703	吃刁巧
50703	出水
50703	打尖
50703	打牙祭
50703	泹
50703	焯
50703	渡
50703	赶嘴
50703	煎
50703	煎炒
50703	进门饭
50703	开洋荤
50703	𤆺
50703	𩛲
50703	煵
50703	安席
50703	连锅子
50703	潦
50703	烹
50703	气
50703	抢宝
50703	煍
50703	秋
50703	杀馆子
50703	上气
50703	团年
50703	宵夜
50703	熁
50703	炘
50703	晕
50703	鲊
50703	做酒
50703	做三朝
50704	帮人
50704	帮人户
50704	扯敞子
50704	扯单线
50704	扯圈子
50704	打饭平伙
50704	打杂师
50704	放单
50704	放单线
50704	换手抠背
50704	卖犁辕
50704	卖犁鸳，卖力佣
50704	熬穿夜
50704	熬更打夜
50704	跑街
50704	跑流差
50704	塞桌子脚
50704	跳乱坛儿
50704	下力
50704	展笨
50705	避鼠
50705	打包本
50705	打急抓
50705	顶竿竿
50705	告
50705	海袍哥
50705	海皮
50705	见子打子
50705	具砍头甘结
50705	硬保
50705	联手
50705	连手
50705	欠壳
50705	认承
50705	烧袍哥
50705	乘
50705	乘火
50705	试手
50705	抬硬扛子
50705	讨
50705	脱手
50705	统
50705	写包票
50705	主火
50706	顾脸
50707	板浪子
50707	编排
50707	绷劲仗
50707	不关风
50707	喳深水
50707	踩怪教
50707	採怪教
50707	谄
50707	谄尖儿
50707	操漂亮
50707	扯地皮风
50707	扯怪教
50707	戳笨
50707	出笨
50707	充吼吼
50707	充尖脑壳
50707	打假叉
50707	打假岔
50707	打麻烦
50707	丢话把头
50707	逗猫惹草
50707	放大水筏子
50707	胡搞堂
50707	干眼睛
50707	牵眼睛
50707	海顽
50707	矇
50707	矇楚楚
50707	拿大
50707	搂台子
50707	乱搞堂
50707	骚搅
50707	肇乱子
50707	提劲
50707	提劲打靶
50707	提虚劲
50707	添盐搭醋
50707	抖架子
50707	玩格
50707	玩格闹派
50707	雾
50707	下深水
50707	显洋
50707	幺二
50707	倚老卖揣
50707	颤
50707	颤眉颤眼
50707	做光面子
50707	做架式
50708	搬得倒家
50708	半…不…
50708	扯股子
50708	打兑
50708	打方向
50708	打平伙
50708	打平夥
50708	打瓶夥
50708	打拼伙
50708	抖
50708	掉股股摊
50708	整抬
50708	个挑个打
50708	过挑过打
50708	关冬
50708	兼拉一扯
50708	算老婆子帐
50708	细打满算
50708	作兴
50709	避相
50709	不对面
50709	踩脚印子
50709	打缩脚锤
50709	打缩足锤
50709	打顺风旗
50709	吊
50709	吊线儿
50709	钓线
50709	躲煞
50709	放线子
50709	行势…行势…
50709	驾饭遁
50709	脚跟脚
50709	开横线子
50709	空手
50709	撵
50709	搌
50709	趝
50709	四门不出
50709	贴起
50709	退包袱
50709	阴倒
50709	坠
50710	摆片
50710	办姑姑筵儿
50710	扮姑姑筵儿
50710	办家家
50710	藏猫儿
50710	打广子
50710	打诳子
50710	打乱撮
50710	打漂漂
50710	打飘飘
50710	打水漂
50710	打水碗
50710	打王逛
50710	逮猫儿
50710	赶场
50710	赶拉凑
50710	赶街街
50710	赶溜溜场
50710	拱猪
50710	估麻子
50710	晃荡
50710	挤得上槽
50710	挤冒死狗儿
50710	挤热和
50710	挤油渣儿
50710	马马肩
50710	拈坨坨
50710	散
50710	散谈
50710	耍
50710	耍娘家
50710	耍钱
50710	跳格
50710	王逛
50710	蜇蛛抱蛋
50710	抓子儿
50710	转耍
50711	吃花筵酒
50711	出行
50711	出姓
50711	打单身
50711	打脱离
50711	点大腊
50711	吊膀子
50711	放
50711	过酒
50711	接
50711	开亲
50711	砍草帘子
50711	看人
50711	看人户
50711	买大蜡
50711	扇盒盒
50711	上门
50711	耍朋友
50711	双起
50711	偷人
50711	下聘
50711	遇
50712	复山
50712	嚎丧
50712	号丧
50712	捡金
50712	安埋
50712	落井
50712	垒土
50712	起坟
50712	软埋
50801	赶口
50801	将势就势
50801	利达
50802	背时
50802	贬磨
50802	扯拐
50802	吃闷炮
50802	吃冷碰
50802	吃碰
50802	磋磨
50802	戳拐
50802	出拐
50802	撮拐
50802	戳火
50802	杵起
50802	触一鼻子灰
50802	撞笨
50802	带汤滚水
50802	抵相
50802	动祸
50802	方
50802	捡背时帖子
50802	霉
50802	挨事
50802	现惨像
50802	糟粕
50802	整得来吊起
50802	坐蜡
50802	做脸做色
50803	点穴道
50803	点血道
50803	赢
50804	板命
50804	包子漏糖
50804	奔
50804	捹
50804	犇
50804	倒灶
50804	关门大吉
50804	喊黄
50804	挤不上槽
50804	康不严
50804	漏黄
50804	泡汤
50804	剃光头儿
50804	推光头儿
50804	现相
50805	发达
50805	起坎
50806	打失
50806	钻圈圈
50808	打烂仗
50808	打滥仗
50808	丢人现眼
50808	尖脑壳
50808	冒靶
50808	霉馊馊
50808	辣脸
50808	丧德
50808	扫脸
50808	臊皮
50808	脏班子
50808	脏人
50809	吃福息
50809	吃福喜
50809	吃裹绞
50809	吃抹和
50809	吃老欺
50809	吃和
50809	吃欺头
50809	吃洗洗酒
50809	捡落地桃子
50809	捡便宜
50809	捡相因
50809	
50809	占起手
50810	吃笋子熬肉
50810	打得粗
50810	打得颇
50810	得
50810	抵砲眼儿
50810	守望门寡
50810	绝兜子
50810	务外
50810	遭
50810	招
50810	钻刺笆茏
50811	出脱
50811	\u3037b脱
50811	菲
50811	离(nia)
50811	蚀
50811	占单
50813	承头
50813	打头阵
50813	挡头阵
50813	发变
50813	抬笼
50813	讨见识
50813	相偏
50814	成群打浪
50814	分火
50814	转转会
60101	二警察
60101	捆商
60102	理落
60103	卡轮子
60103	卡列子
60103	卡位
60103	压堂子
60104	引
60106	医
60106	医治
60107	兼扯
60107	兼搞一扯
60107	使口
60107	使嘴
60107	支销
60108	督
60108	理抹
60108	理麻
60108	清问
60108	详
60108	详情
60109	超拔
60109	开销
60109	开消
60109	搁手
60110	定定然然
60110	断公道
60110	该
60110	下崽子
60110	宰子
60111	报奏销
60111	暴蔫子
60111	暴烟子
60111	交票
60111	落名
60111	投到
60111	写
60111	兴
60113	捡摊子
60115	笋子炒肉
60116	听水响
60116	下海
60201	敲盘子
60202	扳本
60202	扳本儿
60202	搭股子
60202	搭一角
60202	打瓜
60202	打药
60202	…倒了
60202	倒起
60202	等
60202	翻梢
60202	揭
60202	开张鸿发
60202	捆
60202	卖高脚黄
60202	卖高足黄
60202	卖转转猪
60202	拿给
60202	拿跟
60202	捏袖筒子
60202	跑串串
60202	俏盘儿
60202	收荒货
60202	找
60203	发财
60204	𢭃硬
60204	过现
60204	挂帐
60204	现过现
60205	带账
60205	贷账
60205	敷汤药
60205	𨈓瓤抖摆
60205	𨈓让抖摆
60205	赔档
60205	通挪
60205	走展
60205	走揝
60206	打堆
60206	打总
60206	带齐
60206	倒贴梢
60206	短杵杵
60206	短杵短杵
60206	短桩桩
60206	老窖
60206	两个
60206	圝共
60206	恰
60206	藤头
60206	同堆
60206	一堆
60206	一起
60301	𢭃榫
60301	烤
60301	立房子
60302	铰
60303	捡脚子
60303	揩屁股
60303	培补
60303	培整
60304	铸
60304	倾
60305	拉猫儿头
60308	𢪪
60308	𢳃
60309	拿言语
60309	漏火
60310	铲
60310	薅
60310	薅刨
60310	开秧门
60310	卖三百六
60310	捏片耳锄
60310	失窝
60310	使牛
60310	收水
60310	拾田
60310	务
60310	修地球
60311	打山
60311	放山
60311	撵山
60312	盘
60312	洗
60312	秧
60402	巴片儿
60402	巴骗儿
60402	搭傤
60402	笕
60402	开路
60403	倒
60403	抵拢
60403	过
60403	归屋
60403	落屋
60403	齐
60403	迄
60403	弯
60403	应
60403	映
60403	走
60403	转来
60403	转去
60501	穿牛鼻
60501	点醒
60501	关牛圈
60501	进牛圈门
60501	六腊之战
60501	敲打
60501	折
60502	操扁挂
60502	捡口角子
60502	捡样子
60502	捡样
60502	捡样样儿
60502	掐过眼睛
60502	洋操
60504	撼
60504	抛文
60504	抛文架武
60504	展言子
60505	笔头子
60505	垒
60505	偷冷饭
60505	写蒙格
60506	做过场
60506	跩
60510	抢手
60511	搬打
60511	接产
60511	接骨逗榫
60511	摸脉
60511	拿脉
60511	亲脉
60602	丢翻
60602	丢憨
60602	翻翘
60602	翻撬
60602	溜一车
60602	搡
60602	做戏
60603	打闷棒
60603	动蛮
60604	守嘴
60607	打满堂红
60607	搁平
60607	一锅熬
60607	阴消
60608	左还
60608	左横，总还
60701	报盘
60701	打上控
60701	滚大案
60701	滚案子
60701	滚案
60701	喊明
60701	拿话来说
60701	说个幺二三
60702	踩捕
60704	吃过刀面
60704	敲沙罐儿
60704	取起
60704	取重
60704	软扣
60704	填炮眼
60706	抄汞子
60706	吃独食子
60706	吃整笼心肺
60706	吃花酒
60706	吃混糖锅魁
60706	打来吃起
60706	打启发
60706	打起发
60706	放高脚骡子
60706	放棚子
60706	放血
60706	搞干
60706	估奸
60706	剐鬼皮
60706	豁豁儿
60706	劫场
60706	开红山
60706	看财喜
60706	摸
60706	摸包儿
60706	摸夜螺蛳
60706	拉肥猪
60706	挪肥猪
60706	拉命债
60706	拿摸
60706	闹
60706	醚
60706	熛窑子
60706	敲磕
60706	撒窝子
60706	塞包袱
60706	烧火
60706	烧香
60706	拖
60706	搲油
60706	下黄手
60706	下零件
60706	啄皮子
60801	出天方
60801	出天行
60801	偷青
60802	圣谕
60802	卖劝世文
60802	说圣谕
60804	跳端公
60901	拜继
60901	拜给
60901	拜寄
60901	保关煞
60901	打朋友
60901	丢死耗子
60901	放黄
60901	合识
60901	憨等
60901	寄拜
60901	没信实
60901	陪杀场
60901	亲候
60901	钦候
60901	耍人户
60901	甩死耗子
60901	通皮
60901	网
60901	维
60901	信
60901	邀邀约约
60902	贬
60902	打素堆
60902	对识
60902	开单份儿
60902	刻苦
60902	盘絞
60902	谈
60902	吆
60902	拉
60902	招呼
60902	指认
60903	打信
60904	摆鼻子
60904	摆龙门阵
60904	岔嘴
60904	炒陈饭
60904	扯把子
60904	扯乱谭
60904	扯谈
60904	扯五逗六
60904	碜口
60904	重三道四
60904	冲壳子
60904	冲天壳子
60904	吹壳子
60904	搭白
60904	答白
60904	搭腔
60904	搭野白
60904	打叽喳
60904	打明叫响
60904	打嗯顿
60904	打咽吞
60904	打乡谈
60904	吊起嘴巴
60904	掉耳朵
60904	短
60904	二架梁
60904	发梦冲
60904	翻话
60904	翻精
60904	放黄腔
60904	放腔
60904	喷谈
60904	鬼扯
60904	吼黄
60904	花猫吊嘴
60904	嚼蛆
60904	嚼牙巴
60904	接鸡下巴
60904	接嘴
60904	接嘴瓢
60904	接话
60904	开黄腔
60904	夸硬口
60904	卖嘴白
60904	明砍
60904	明敲亮打
60904	梗起梗起
60904	零碎
60904	啰二连三
60904	啰连
60904	念谈
60904	念藏经
60904	咬蚊子
60904	日白
60904	日白亮谎
60904	撒村
60904	撒葱花儿
60904	上麻药
60904	烧冷灶
60904	说白话
60904	说春
60904	说七说八
60904	说起
60904	说天话
60904	碎嘴
60904	抬快
60904	提谈
60904	吐臭蛆
60904	指指戳戳
60904	指指夺夺
60904	嘴括括
60904	嘴尖舌长
60904	嘴喳喳
60905	擦癞子
60905	扯回销
60905	打响片
60905	打响声
60905	倒帐
60905	点水
60905	丢海誓
60905	丢信
60905	挤眉眨眼
60905	摸行市
60905	漏底漏面
60905	骗赖
60905	认黄
60905	三对六面
60905	三人抵六面
60905	三头六面
60905	上服
60905	审
60905	下炮蛋
60905	𠯩咐
60905	照闲
60905	支
60905	装死卖活
60906	刺儿
60906	采儿
60906	探儿
60906	刺儿话
60906	冲柁子
60906	倒坛子
60906	戳背脊骨
60906	放烂药
60906	刮
60906	花猫洗脸
60906	坏
60906	诀
60906	绝
60906	猫儿洗脸
60906	排揎
60906	烹缸
60906	铺排
60906	铺派
60906	屈薄
60906	刷夹棒
60906	踏屑
60906	弹驳
60906	弹烂药
60906	叨
60906	洗刷
60906	下烂
60906	下烂药
60906	详水儿
60906	凶
60906	熊
60906	朽
60906	幽
60906	遭口
60906	煮屎
60906	转
60907	上寿
60908	挂红
60908	亮堂
60909	得承
60909	多承
60909	磨心
60909	劳烦
60909	劳累
60909	闹心
60910	打上咐
60910	告口
60910	下话
61002	打掉
61002	挡
61002	兑挪
61002	告帮
61002	问
61002	左
61003	包包散
61003	出言语
61003	打犟绊
61003	打交接
61003	解交
61003	皈依佛法
61003	将就
61003	说不脱
61003	松脚子
61003	甩牌子
61003	甩袖头子
61003	抬包袱
61003	推口
61004	唱花脸
61004	撑持
61004	凑和
61004	打帮锤
61004	打救
61004	打啊吹
61004	打呵啃
61004	打屙屎主意
61004	积口德
61004	开条
61004	拉飞蛾
61004	烧断头香
61004	乘一肩头
61004	梳光光头
61004	相帮
61004	扎起
61004	排起
61004	煮起
61004	肘住
61005	经佑
61005	经由
61005	照火
61006	吃零供
61006	吃轮供
61006	吃转转饭
61006	盘扯
61101	搬牙巴劲
61101	拌嘴皮
61101	唱顶板
61101	扯筋
61101	扯皮袄
61101	扯皮绊
61101	吃茶
61101	吃讲茶
61101	打肚皮官司
61101	打敖卦
61101	打理扯
61101	打燃火
61101	打闲锤
61101	嘚儿呀当的
61101	抵背脊骨
61101	抵瘠疤骨
61101	抵肋巴骨
61101	顶绷
61101	顶杠子
61101	斗口
61101	斗嘴劲
61101	干仗
61101	角逆
61101	角孽
61101	葛孽
61101	刮胡子
61101	鬼吵
61101	喝讲茶
61101	横距顺跳
61101	横扯
61101	讲理信
61101	开花
61101	狂
61101	硬伸伸
61101	硬挣挣
61101	片嘴
61101	七翘八拱
61101	敲梆打锣
61101	日诀
61101	日妈捣娘
61101	王婆骂鸡
61101	鸣吼喧天
61101	虚哄
61101	咋呼
61101	喳呼
61101	渣闹
61101	展牙巴劲
61101	展嘴劲
61102	杵
61102	触
61102	杵弄
61102	诋触
61102	点燃
61102	散谈子
61103	扮灯儿
61103	办灯儿
61103	宝
61103	编
61103	编白
61103	不对子午
61103	扯白
61103	扯白逗谎
61103	扯垛子
61103	扯幌子
61103	扯谎捏白
61103	打冒诈
61103	逗起闹
61103	过话
61103	呵
61103	喝
61103	惑
61103	夹暴角
61103	夹磨
61103	驾云
61103	揪瓢瓢儿
61103	卡拿
61103	看笑场
61103	看笑神儿
61103	看肖神儿
61103	诞
61103	哐
61103	诳
61103	麻
61103	蒙
61103	朦
61103	拿捏
61103	挨棒棒
61103	挨青构棒
61103	离(nia)白
61103	拈过拿错
61103	塕
61103	壅
61103	俏假
61103	人多为王
61103	烧艾燋
61103	要板眼儿
61103	要秤
61103	耍鬼过脚
61103	耍横
61103	酸
61103	涮坛子
61103	口起
61103	烫
61103	烫毛子
61103	剃毛子
61103	挑眼
61103	偷奸耍滑
61103	退神光
61103	弯酸
61103	玩西洋镜儿
61103	相欺
61103	消遣
61103	虚虚哄哄
61103	沾惹
61103	招惹
61103	整冤枉
61104	扯筋客
61104	扯客
61104	扯人
61104	扯牛皮糖
61104	吃干马尽
61104	吃雷
61104	抽底火
61104	倒炉子
61104	端甑子
61104	合不得
61104	猴
61104	花包袱
61104	剪边子
61104	绞绞
61104	绞起裹起
61104	搅肇
61104	马干
61104	马干吃尽
61104	难缠
61104	扭
61104	肇
61104	死乞白赖
61104	使绊子
61104	收刀捡卦
61104	提萝卜缨儿
61104	弯倒
61104	囚脸
61104	涎脸
61104	涎皮
61104	涎皮搭脸
61104	涎皮涎脸
61104	忧
61105	扯皮褂子
61105	打锤
61105	打症子
61105	打堆锤
61105	恨得住
61105	家
61105	脚头
61105	挽回手
61105	演全武行
61105	抓扯
61106	抽玉带
61106	穿连裆裤
61106	打干和声
61106	打和声
61106	打合声
61106	打诺诺
61106	打旗旗儿
61106	打太平锣
61106	打哇哇
61106	端血盆
61106	合伙
61106	恰伙
61106	勾扯
61106	呵泡儿
61106	离(nia)动
61106	淋米汤
61106	溜沟子
61106	谝
61106	任随
61106	刷糨子
61106	刷石灰
61106	耍手戏
61106	讨好卖乖
61106	讨赏卖乖
61106	添言搭语
61106	舔肥
61106	舔饿肥
61106	舔屁股
61106	舔贴
61106	贴
61106	抟
61106	卫相
61106	由便
61106	由随
61106	由在
61107	冲祸
61107	刁唆
61107	叼唆
61107	戳客
61107	戳烂事
61107	翻老话
61107	翻是非
61107	敲破锣
61107	牙长
61107	牙尖
61107	牙尖识怪
61108	不住财
61108	戳锅漏
61108	吹功
61108	钉心
61108	顶心
61108	丢意子
61108	估
61108	估逼
61108	估倒
61108	着
61108	刮削
61108	黑了
61108	恨倒
61108	麻起胆子
61108	冒起胆子
61108	勒坑
61108	勒捎
61108	强勉
61108	生拉活扯
61108	唆
61108	怂
61108	下药
61108	冤倒
61108	栽害
61108	栽诬
61108	栽污
61108	整狗儿
61108	整猪
61108	睉
70101	打麻点子
70101	打麻子眼儿
70101	大天八亮
70101	大天白亮
70101	大天四亮
70101	撒麻粉粉亮
70102	黑
70102	火烧天儿
70102	亢阳
70104	回
70104	凝
70104	凊
70104	下凌
70105	翻煎倒滚
70105	爬
70105	趴
70105	燃
70105	涨
70201	掀
70202	绊
70202	耷
70202	鼓
70202	搭
70202	跶
70202	勾眉凹眼
70202	莫
70202	矮
70202	仆
70202	匐
70202	脱
70202	亸
70202	荫
70202	栽岩
70202	摔
70203	伸抖
70204	轮子
70204	品排
70204	品起
70205	塘
70206	扯
70206	处
70206	断纤
70206	间
70206	角角
70206	挨边
70206	字向
70207	坌
70207	吃巴片
70207	斗
70207	遇合
70208	搭钩
70208	接上气
70209	错
70209	东编西控
70209	𢭃𢭃挪挪
70209	兑兑挪挪
70209	节疤
70209	款
70209	俏头
70210	打堆堆
70210	𢭃
70210	兜
70210	逗
70210	趸起
70210	伙
70210	会哨
70210	拢来
70210	团
70210	装
70211	爆
70211	别
70211	冰
70211	粉
70211	牛扯马奔
70211	抛撒
70211	抛洒
70211	㽄
70211	稀牙漏缝
70211	笑
70211	偧
70211	觰
70211	楂
70211	夻
70212	打闪闪
70213	打晃晃
70213	活甩甩
70213	滑溜
70213	扐
70213	蚴
70213	埄
70213	塳
70213	闪
70213	闪悠闪悠
70213	闪悠悠
70213	逡
70213	展
70213	报
70214	车
70214	打圈圈
70214	颠过来
70214	勾
70214	踡
70214	捲
70214	腃
70214	蜎
70214	撅
70214	扛
70214	礌
70214	擂
70214	爪
70214	抓
70215	潮
70215	嘲
70215	嘈
70215	发水
70215	翻坎
70215	勾嘴
70215	漤
70215	览
70215	澎
70215	望
70215	漂
70215	汤流水滴
70216	沁水
70216	通泰
70217	轧断
70217	扎断
70217	胀气
70217	奏
70301	摸不倒
70301	摸得倒火门
70302	罢脚
70302	罢市
70302	罢园
70302	摆平
70302	伸皮
70302	打得燃火
70302	打顿
70302	打腾
70302	断庄
70302	放倒搁倒
70302	贯
70302	合式
70302	合适
70302	结脚
70302	搁倒
70302	搁倒的放倒
70302	来不起气
70302	谙倒
70302	落脚
70302	撵不走
70302	抛锚
70302	抛毛
70302	拍平
70302	煞搁
70302	闪板
70302	上坎
70302	私曰
70302	收风
70302	收手
70302	收头
70302	水过三丘
70302	哇倒
70302	下堂
70302	歇火
70302	歇嘴
70302	幺台
70302	腰台
70302	夭台
70302	一盘现
70302	一枪下马
70302	扎板
70302	扎雨班
70302	扱
70303	打重台
70303	来得起气
70304	起倒夜
70305	长麻吊线
70305	刁顿
70305	挨台
70306	剥疮壳壳
70306	踩痛脚
70306	敞胸亮怀
70306	抄底火
70306	抽老底
70306	出
70306	打一头
70306	打一转
70306	抵穿
70306	戳背壳
70306	拱
70306	光巴顶董
70306	光不溜丢
70306	光叉叉
70306	光董董
70306	光胯丁当
70307	放漂
70308	都
70309	不算事
70309	忌嘴
70309	迈
70309	免省得
70310	拉未
70401	打倒
70401	发
70401	粉脱
70401	过性
70401	哈
70401	哈齁
70401	毛脸
70401	闷脱
70401	掉
70402	劈
70403	霉绰绰
70403	滂滂臭
70403	𠟃
70407	垮杆
70407	垮稀稀
70501	补须子
70501	敷
70501	焌
70501	外搭
70501	偎
70502	垮
70502	落
70502	落土
70502	闪火
70502	闪劲
70502	缩筋
70503	放倒
70503	剐油
70601	打比譬
70601	头数
70602	摆起
70602	敞
70602	恨棒打人
70602	骂花鸡公
70602	坐实
70605	不脱壳
70605	管
70605	活脱脱
70605	讲比
70605	捆倒的绑倒
70605	绑倒的捆倒
70605	捆起绑起
70605	老庚
70605	像那家人
70605	体
70605	一溜串
70605	一溜一串
70605	一路…一路…
70605	一条腔
70605	一行…一行
70606	奓
70606	岔
70606	大不其然
70606	大块
70606	颠转来说
70606	翻叉叉
70606	翻坎坎
70607	带头
70607	垫背
70607	惯适
70607	光彩
70607	合得拢
70607	配盘
70607	配相
70607	说得拢
70607	投
70608	不对
70608	不相生
70608	合不拢
70608	说不拢
70609	嫑
70609	需得着
70610	对穿对过
70611	绷
70611	不长料
70611	关音
70611	没得
70611	是啥
70613	上算
70614	带惜
70614	带行
70614	带系
70614	关…相干
70614	垮不倒皮
70614	挨傍
70614	喷
70614	脱不倒爪爪
70614	有戏唱
70614	抓拿
70615	摆
70615	打发
70615	多脚多手
70615	接血
70615	拼
70615	抢影子
70617	害忌
70617	杀内场子
70617	伤负
80101	半长不长
80102	长条条
80102	高朗
80102	高耸耸
80102	𨈓
80102	棱
80102	𨈓长长
80102	𨈓长𨈓长
80102	𨈓𨈓吊吊
80102	矮拙拙
80102	矮矬矬
80102	矮笃笃
80102	矮垛垛
80102	矮笃矮笃
80102	矮爬爬
80102	矮爬矮爬
80102	牛高马壮
80103	大大套套
80103	𨈓筋筋
80103	窄逼
80103	窄逼窄林
80104	薄飞飞儿
80104	坦
80104	汤=哈哈
80105	肥董董
80105	肥嘟嘟
80105	肥滚滚
80105	肥溜溜
80105	肥鲁鲁
80105	富泰
80105	干瘪瘪
80105	干筋筋
80105	干筋蜡猴儿
80105	干筋瘦壳
80105	格不拢耸
80105	格耸耸
80105	筋骨人
80105	精精瘦瘦
80105	蛮革革
80105	蛮格格
80105	莽
80105	莽粗粗
80105	莽呆呆
80105	肋巴稀稀
80105	胖嘟嘟
80105	胖嘟胖嘟
80105	瘦精精
80106	半大不小
80106	咚大
80106	海河
80106	牵藤
80106	些些末末
80106	一个钱
80107	趱趱倒倒
80107	二不挂五
80107	楞楞
80107	楞子
80107	偏偏倒倒
80107	飘
80107	四方四正
80107	适
80107	周正
80107	周整
80108	笔伸
80108	笔端
80108	笔端端
80108	筋瓣瓣
80108	卷
80108	皱巴巴
80108	皱眉凹眼
80108	皱皮那垮
80108	皱皮口杆
80109	包包坑坑
80109	坑坑包包
80109	槽槽
80109	伸
80109	撑
80109	伸展
80109	格里包鼓
80109	格楞包拱
80109	鼓楞暴胀
80109	平顺
80109	平展
80109	平展展
80109	七拱八翘
80109	齐杵杵
80109	气鼓气胀
80109	抬人
80109	蔫
80109	奄
80109	蔫瘪瘪
80109	凹撆撆
80109	一抹平阳
80109	一坦平
80109	一展平
80109	一展平洋
80109	圆彪彪
80109	圆鼓鼓
80109	展平
80109	展展平
80109	胀鼓鼓
80110	圝不溜纠
80110	圝纠纠
80110	弯儿疙纠
80110	弯拐
80110	弯环倒拐
80110	弯环曲折
80110	弯纠纠
80110	弯头纠拐
80110	弯弯拐拐
80110	弯幽幽
80110	圆不拢耸
80110	圆墩儿墩儿
80110	圆纠纠
80110	圆椭椭
80201	白白生生
80201	白孱孱
80201	白翻翻
80201	白卡卡
80201	白垮垮
80201	白漂
80201	白蓬蓬
80201	白普普
80201	白生生
80201	白哕哕
80201	黑不拢耸
80201	黑碜碜
80201	黑浊浊
80201	黑龊龊
80201	黑墩墩
80201	黑腾腾
80201	黑顿顿
80201	黑沌沌
80201	黑定
80201	黑尽
80201	黑净
80201	黑麻麻
80201	黑瓮瓮
80201	黑蓊蓊
80201	黑耸耸
80201	黑鸦鸦
80201	红扯扯
80201	红冬冬
80201	红稀稀
80201	红哕哕
80201	黄焦焦
80201	黄毛儿耷须
80201	黄口口
80201	黄桑桑
80201	黄爽爽
80201	灰巴拢耸
80201	灰扑扑
80201	灰仆仆
80201	卡白
80201	蓝幽幽
80201	绿霞霞
80201	绿狎狎
80201	绿阴阴
80201	青幽幽
80201	青郁郁
80201	橘青
80201	桔青
80201	黢麻打黑
80201	漆麻打黑
80201	沙白
80201	刷白
80201	刷又
80201	乌澄澄
80201	乌駿駿
80201	迅白
80201	一锭墨黑
80202	翠
80202	翠呯呯
80202	淡白
80202	寡淡
80202	花儿古董
80202	花儿麻遢
80202	花股零当
80202	花眉花眼
80202	酽咚咚
80203	背亮
80203	读天书
80203	光生
80203	黑摸摸
80203	黑蓦蓦
80203	黑漆吗孔
80203	麻粉粉
80203	麻乎儿乎儿
80203	麻乎儿麻乎儿
80203	麻麻亮
80203	麻沙沙
80203	霉稀稀
80203	霉之极
80203	明光灿亮
80203	没眉没眼
80203	亮绍
80203	四楞四现
80203	刷粉粉亮
80203	乌灯黑火
80203	油光光
80203	油𨤡𨤡
80203	油晃晃
80203	油漉漉
80203	油浸浸
80203	云天雾地
80203	云天雾里
80204	浑嘟嘟
80204	浑浊浊
80204	浑浑浊浊
80204	净瓣
80204	净办
80204	清花亮色
80205	粗声莽气
80205	哈声哈气
80205	夹口
80205	夹嘴
80205	莽声莽气
80205	悄悄密密
80205	悄悄迷迷
80205	沙
80205	细蒙蒙
80205	炸耳
80206	脆生生
80206	脆声声
80207	酸臭
80207	䭰香
80208	巴味
80208	白眉白眼
80208	燥辣
80208	咸扎扎
80208	苦茵苦茵
80208	苦茵茵
80208	蜜甜
80208	辣乎儿辣乎儿
80208	安苦
80208	𠹃苦
80208	利口
80208	腻刮刮
80208	清汤寡水
80208	入味
80208	酸叽叽
80208	酸叽酸叽
80208	酸纠纠
80208	酸纠酸纠
80208	酸咪咪
80208	酸咪酸咪
80209	板
80209	板实
80209	衬
80209	脆绷脆绷
80209	脆绷绷
80209	脆呯呯
80209	干沙沙
80209	僵
80209	经烧
80209	经使
80209	经事
80209	经用
80209	绵
80209	绵扯扯
80209	绵扯绵扯
80209	绵得
80209	老革革
80209	老僵僵
80209	熬火
80209	敖火
80209	熬炼
80209	硬梆
80209	硬铮
80209	硬撑
80209	硬衬
80209	硬翘翘
80209	硬性
80209	硬枝硬杆
80209	硬肘
80209	
80209	和
80209	活
80209	合
80209	货
80209	隆隆
80209	泡松松
80209	泡绍
80209	泡酥酥
80209	泡竦竦
80209	瓤
80209	绒
80209	绒泛
80209	绒实
80209	软塌塌
80209	沙革革
80209	沙几几
80209	实在
80210	带手点
80210	带倒点
80210	淡淡
80210	捞捞轻
80210	飘轻
80210	甩脚甩手
80210	旺
80210	旺翘翘
80210	旺向
80210	榨称
80210	重屯屯
80210	重砣砣
80210	坠手
80212	燥热
80212	燥性
80212	火杆
80212	火燎火煤
80212	火煤煤
80212	火烧火辣
80212	红火
80212	回霜
80212	闷人
80212	凉浸浸
80212	凉悠悠
80212	屁搓搓
80212	屁搓屁搓
80212	屁热屁热
80212	青水脸
80212	侵骨
80212	热和
80212	热烙
80212	热烙烙
80212	热漉漉
80212	烧乎乎
80212	烧辣辣
80212	烫滚滚
80212	温嘟嘟
80212	温
80212	阴霜
80212	荫浸
80213	干
80213	干巴拉翘
80213	干焦焦
80213	干扎扎
80213	焦巴湿
80213	焦干二十三
80213	枯腊
80213	枯腊腊
80213	流汤滴水
80213	上干
80213	湿古淋当
80213	湿叽叽
80213	湿扎扎
80213	水垮垮
80213	水流水滴
80213	水湿
80213	稀扎扎
80214	瓜净
80214	滑刷
80214	溜打精光
80214	油光水滑
80214	油抹水光
80214	鋊
80301	…把…
80301	点点儿
80301	点点
80301	丁点儿
80301	多少子
80301	堆堆
80301	几七几八
80301	见啥
80301	么多
80301	李行
80301	连二赶三
80301	起窖窖
80301	清
80301	缺俏
80301	上好
80301	上好八好
80301	少饱
80301	丝丝儿
80301	旺儿
80301	旺实
80301	无数八回
80301	一么多
80301	一抹多
80301	一𨈓𨈓
80301	一炮拉
80301	一铺缆子
80301	一世糊子
80302	把连
80302	从头一二
80302	打浑吞
80302	大凡小事
80302	下
80302	开花开朵
80302	浑
80302	浑不拢董
80302	浑董董
80302	浑冬冬
80302	满把攒汉
80302	满荡荡
80302	满咚咚
80302	满冬冬
80302	满满生生
80302	满盘
80302	满生生
80302	霉朴烂柞
80302	千巴万补
80302	纯全
80302	通
80302	抖堂
80302	稀𤆵烂
80302	稀𤆵五滥
80302	下半截
80302	一…二…
80302	一下
80302	自一至二
80303	重起摞起
80303	繁
80303	光杵杵
80303	光础础
80303	光刷刷
80303	黄秧秧
80303	挤匝麻匝
80303	挤匝密匝
80303	空花
80303	苦寒
80303	满秋秋
80303	毛乎乎
80303	毛虎虎
80303	毛毛乎乎
80303	冒尖尖
80303	冒冒
80303	冒梭梭
80303	密麻密缝
80303	垒尖
80303	稀稀朗朗
80303	一粑饼
80303	一饼粑
80303	一包子
80304	扯绷绷
80304	夹脚
80304	紧揪揪
80304	紧扎
80304	捞垮松
80304	泡撮撮
80305	粉嘟嘟
80305	干把把
80305	烂
80305	捞捞清
80305	硬头滑
80305	稀捞捞
80305	稀泥滥窖
80305	涎打打
80305	粘瓦瓦
80305	粘呀呀
80306	断红
80306	断生
80306	过红
80306	过心
80306	嫩冬冬
80306	嫩东东
80306	嫩气
80306	嫩闪闪
80306	嫩姗姗
80306	嫩水水
80306	嫩水子
80306	稀溜𤆵
80306	稀𤆵烂淡
80308	出老
80308	打横锤
80308	眍眉凹眼
80308	毛头儿
80308	老板板
80308	七老八十
80308	青沟子
80308	青尻子
80308	青皮
80309	病病哀哀
80309	长枝长于
80309	单吊
80309	敦笃
80309	墩笃
80309	陡
80309	黄皮寡瘦
80309	嫩腼
80309	嫩面
80309	硬健
80309	软不塌塌
80309	软不稀稀
80309	软𤆵𤆵
80309	软酥酥
80309	软稀稀
80309	斯文
80309	瘦卡卡
80309	仙健
80309	小
80309	雄
80309	虚哥
80309	拽实
80310	抄
80310	陈古八十年
80310	过价
80310	广
80310	活鲜鲜
80310	红苕气
80310	旧普普
80310	旧乍乍
80310	老
80310	苕头苕脑
80310	跳梭梭
80310	跳颤
80310	土苕
80310	新色
80310	新崭崭
80310	鲜活
80310	鲜色
80310	洋盘
80311	聪聪俊俊
80311	䀦睛暴眼
80311	乖
80311	乖乖生生
80311	受看
80311	舒气
80311	妖精
80311	妖艳儿
80312	稀王八烂
80313	晏
80314	长声吆吆
80314	风快
80314	麻溜
80314	利刷
80314	三角五爪
80314	三扒两爪
80314	条声吆吆
80314	细细摸摸
80314	须须摸摸
80315	穿夜
80315	多久
80315	对年
80315	对时
80315	很一阵
80315	很有一阵
80315	天远地远
80315	一灿火
80315	一场合
80315	一天
80315	一天到黑
80315	一天到头
80315	一向
80315	永辈子
80316	八帽子远
80316	老远八远
80316	一帽子远
80316	远天十里
80316	远天远地
80401	活似活像
80401	活真真
80401	靠实
80401	老实
80401	硬
80401	硬还是
80401	认真
80401	要…不…
80401	真果
80402	糙
80402	当讨人嫌
80402	乖稀稀
80402	欢迎
80402	没得说头
80402	爱人
80402	瘟症
80402	细乖细乖
80402	小乖小乖
80402	囚皮耷脸
80402	囚皮花脸
80402	血骨淋当
80402	造孽巴希
80402	争差点儿
80403	不二不三
80403	诧床
80403	诧眉诧眼
80403	择铺
80403	成器
80403	打破锣
80403	颠颠倒倒
80403	多
80403	二像二像
80403	翻精倒怪
80403	疯不扯扯
80403	疯扯扯
80403	疯扯疯扯
80403	怪二五兹
80403	怪眉怪眼
80403	怪头怪脑
80403	观花
80403	好道八实
80403	好生
80403	黄腔顶板
80403	几
80403	精怪
80403	没得样子
80403	了得
80403	拧筋
80403	拧筋掼骨
80403	凝筋灌骨
80403	如法
80403	神
80403	神戳戳
80403	神戳鬼戳
80403	是不是
80403	抬色
80403	天晓得
80403	痛
80403	突头突脑
80403	务毒毒
80403	下得去
80403	下阴
80403	幺不倒台
80403	玥别别
80403	走阴
80404	大种
80404	上价
80404	歪浑
80404	朽杆儿
80404	中平
80405	巴骨巴脉
80405	巴脉
80405	巴瓢
80405	巴谱
80405	巴肉
80405	把稳
80405	白疵疵
80405	起来扯歪风
80405	扯圆
80405	打错亲家
80405	打脚
80405	逗头
80405	对头
80405	二通二通
80405	干梆硬撑
80405	搞得转
80405	搞得赢
80405	归顺
80405	叫话
80405	筋暴暴
80405	近情，
80405	啃脚
80405	耐
80405	牛踩不烂
80405	杀偏
80405	杀偏风
80405	失格
80405	稳札
80405	无名白故
80405	遇缘
80405	熨贴
80406	等于圈圈
80406	抵事
80406	关火
80406	嚼治
80406	来得倒
80406	枉自
80406	作用
80407	紧卷
80407	落榫
80407	清丝严缝
80407	圆
80407	圆范
80408	空孔扩阔
80408	牵线
80408	悬吊吊
80409	择人
80409	打空口
80409	拖斗
80409	渣渣瓦瓦
80410	宝里宝器
80410	宝筛筛
80410	没名堂
80410	没祥
80410	没佯
80410	死眉钝眼
80410	死木呆呆
80410	笑人
80410	醒呵阿
80410	囚
80411	够𢭃
80411	够搞
80411	肯
80411	咬手
80411	捏不拢
80411	捏不熄
80411	轻容易
80411	神乎乎
80411	烫人
80411	烫手
80411	淘气
80411	抓不开
80411	钻磨眼儿
80412	不关事
80412	当不得耍的
80412	空头空脑
80412	没来头
80412	球莫名堂
80412	塞边打网
80412	说不起话
80412	说得起话
80412	稀松寡淡
80412	渣渣草草
80412	这门儿那三儿
80413	补人
80413	惨
80413	到注
80413	趸
80413	慌
80413	昏
80413	猫煞
80413	恼火
80413	老火
80413	腻
80413	泥
80413	深沉
80413	天红地绿
80413	味道长
80413	味道鲜
80413	凶火
80413	秀声秀气
80414	𨈓瓤
80414	牢实
80414	行
80415	背声色
80415	绷面子
80415	操体面
80415	笋壳脸
80415	太
80415	抓屎糊脸
80417	吃通
80417	甘贵
80417	管钱
80417	金贵
80417	𠹃邦
80417	人大面大
80417	三换
80417	少匹肋巴
80417	下矮桩
80417	宰得开
80417	值价
80418	分生
80418	离皮离骨
80418	酽(xb酉佥)
80418	酽络
80418	情情美美
80418	贴肉
80418	笑和
80419	大明其白
80419	当头对面
80419	果子麻搭
80419	鬼眉鬼眼
80419	麻搭果子
80419	麻糖果子
80419	明摆摆
80419	漂色
80419	抖不圆
80419	阴缩缩
80419	阴睃睃
80419	阴逡逡
80419	贼呵呵
80419	贼脚摸手
80420	生成
80420	自不待然
80420	自不然
80421	单另
80421	官中
80421	另自
80421	脱另
80421	通另
80422	正南其北
80423	二老者
80501	糍粑心肠
80501	歹毒
80501	二五二六
80501	刮毒
80501	寡毒
80501	括夺
80501	姡毒
80501	憨憨实实
80501	横眉劣眼
80501	尖嘴
80501	门斗钉
80501	立眉竖眼
80501	仁义
80501	挖挖苦苦
80501	歪
80501	巫
80501	巫教
80501	凶暴暴
80501	凶眉日眼
80501	嘴臭
80502	本真
80502	不多事
80502	踩倒爬
80502	躁辣
80502	开心见肠
80502	没得底面
80502	老诚
80502	老奸
80502	老狡
80502	里扯
80502	里扯火
80502	捧红踏黑
80502	手脚干净
80502	一老一实
80502	贼
80503	打边帮鼓
80503	肝经火旺
80503	喊明叫白
80503	喊明叫现
80503	喊明叫响
80503	呵害
80503	火暴
80503	火爆
80503	火暴暴
80503	火爆爆
80503	还债
80503	横牛
80503	桀肚子
80503	砍截
80503	砍切
80503	硬头兵梆
80503	轻言细语
80503	三二滚
80503	听说
80503	听说听教
80503	挽圈圈
80503	直戆
80503	直戆戆
80503	直戆子
80503	直扛子
80503	直劈
80503	直劈劈
80503	直撇撇，直别别
80503	直统统
80503	口性
80504	不择生冷
80504	不忌生冷
80504	吃汪胆
80504	贵气
80504	好的
80504	贱
80504	硬气
80504	疲
80504	剃窜脸胡
80504	武辣
80505	打铺盖
80505	大排大调
80505	费
80505	废
80505	由
80505	哗
80505	践
80505	捆手绑脚
80505	撇脱
80505	劈脱
80505	愆翻儿
80505	欠挨
80505	甩手甩脚
80505	萧闲
80505	爪爪不深
80505	周吴郑王
80506	框
80507	把细
80507	叉巴
80507	财不露白
80507	敞口
80507	敞口标
80507	读望天书
80507	二恍二恍
80507	二恍恍
80507	发骺
80507	飞叉叉
80507	飞岔岔
80507	好生生
80507	恍
80507	恍而惚稀
80507	恍兮惚兮
80507	假
80507	见尽
80507	毛
80507	耐烦心
80507	泡毛
80507	炮毛
80507	泡里泡毛
80507	炮里炮毛
80507	识向
80507	水
80507	天
80507	下整楼梯
80507	下细
80507	小心小意
80507	张花里石
80507	稚雅
80508	大貌
80508	大模太太
80508	大势
80508	满贯
80508	满盏
80508	傲甩甩
80508	省口待客
80508	熏
80508	佯瞅不睬
80508	要不完
80508	装大
80509	断弯弯道理
80509	狗
80509	苟
80509	狗屎
80509	狗头狗脑
80509	夹
80509	坎
80509	砍
80509	刻
80509	揆
80509	硬逗硬
80509	屁眼儿黑
80509	掐掐捏捏
80509	抢水饭
80509	涩
80509	絮
80509	小家八识
80509	小见
80509	小见八识
80509	小气
80509	心厚
80509	央夹
80509	一顺风
80509	自顾自
80510	背
80510	海
80510	剋
80510	口落肚攒
80510	口省肚落
80510	泼撒
80510	省俭
80510	烊和
80511	扯母猪风
80511	扯羊儿风
80511	估吃霸赊
80511	横奔带扯
80511	横豪
80511	老道
80511	落教
80511	撒豪
80511	四浑
80511	通方
80511	通方圆
80511	五马六道
80512	打翻天印
80512	寡孽
80512	精精怪怪
80512	麻筋麻肉
80512	没名没堂
80512	偻
80512	楼
80512	赛
80512	偻二垮三
80512	偻垮
80512	偻垮垮
80512	偻擞
80512	偻擞擞
80512	捏(nia)稀稀
80512	苕
80512	苕果儿气
80512	苕气
80512	污槽
80512	显屁股白
80512	妖精八怪
80512	妖精十怪
80512	正二八经
80512	正儿巴经
80512	正而八经
80513	宝头宝脑
80513	笨里笨浊
80513	颠东
80513	颠冬
80513	耳朵长
80513	发懵
80513	方脑壳
80513	方先生
80513	胡而马之
80513	胡二麻子
80513	戆头戆脑
80513	扛头扛脑
80513	瓜
80513	瓜不稀稀
80513	瓜眉瓜眼
80513	瓜眉日眼
80513	瓜眉傻眼
80513	瓜稀稀
80513	鬼浊
80513	哈浊浊
80513	哈里哈气
80513	憨不痴痴
80513	憨不溜秋
80513	憨痴痴
80513	憨眉憨眼
80513	憨头憨脑
80513	活动
80513	回不到神
80513	昏懵
80513	浑天黑地
80513	尖
80513	奸
80513	精灵
80513	伶伶
80513	口钝
80513	麻杂杂
80513	莽头莽脑
80513	霉不醒
80513	霉登顶
80513	霉登了
80513	霉霉
80513	闷呆呆
80513	摸头不知脑
80513	没中对
80513	木
80513	木楚楚
80513	木础础
80513	木诎诎
80513	傻眉傻眼
80513	傻木登登
80513	痰迷心窍
80513	特儿
80513	瘟
80513	阴性子
80514	搬不到家
80514	不进油盐
80514	不识好
80514	不识好歹
80514	桀
80514	呆
80514	岩
80514	拗
80514	拗性
80514	傲性
80514	溜刷
80514	牛筋
80514	死杀
80515	架势
80515	蛮得
80515	疲
80515	勤巴苦做
80515	肉扯扯
80515	甩起
80515	随
80515	旋
80516	不胎孩
80516	昌盛
80516	打寸寸主意
80516	行势
80516	行市
80516	狡
80516	老拌
80516	老辣
80516	嫩生
80516	球经不懂
80516	王屋屋
80516	眼浅皮薄
80516	眼贱皮薄
80516	以烂为烂
80601	打摆摆
80601	烦
80601	谨慎
80601	安靖
80601	匀净
80601	匀静
80603	打挤
80603	打拥堂
80603	打涌堂
80603	当道
80603	乖桑桑
80603	吭
80603	闹热
80603	冷秋泊淡
80603	冷秋秋
80603	冷妥
80603	齐静风烟
80603	清风雅静
80603	呜喧喧
80603	雅静
80603	阴凄凄
80603	阴悄悄
80604	丢手撒脱
80604	飞星火溅
80604	搞不转
80604	搞刨
80604	紧忙天
80604	忙天慌地
80604	洗煤炭
80604	消停
80605	紧火
80606	光板板
80606	光零零
80606	汤汤水水
80606	稀脏八脏
80606	眼屎巴郎
80606	脏眉日眼
80606	脏哇哇
80606	脏稀稀
80607	工楷
80607	勾二麻糖
80607	钩子麻搭
80607	钩子麻糖
80607	狗扯麻糖
80607	狗儿麻沙
80607	巾巾吊吊
80607	局面
80607	麻杂
80607	麻非
80607	七股八杂
80607	七古八杂
80607	七娘八老子
80607	七七八八
80607	齐扑扑
80607	齐铺铺
80607	齐普普
80607	齐刷刷
80607	齐唰唰
80607	齐崭
80607	齐崭崭
80607	鸣嘟嘟转
80607	一包糟
80607	一崭齐
80607	渣翻翻
80607	杂而古董
80607	斩齐
80607	展齐
80607	椹齐
80607	正工正楷
80608	惨道
80609	扯指拇儿
80609	扯指头
80609	吹吹稀饭
80609	打饥荒
80609	肥
80609	富实
80609	精打溜光
80609	宽深
80609	宽剩
80609	泡和
80609	天干
80609	拖衣落薄
80609	拖衣落食
80610	定
80610	靠呆
90101	巴叉
90101	巴沙
90101	梆
90101	邦
90101	包元
90101	不多于
90101	差一颗米
90101	长甩甩
90101	长梭长梭
90101	长梭梭
90101	扯扯
90101	登底
90101	顶真
90101	定规
90101	多而不少
90101	二…二…
90101	法
90101	翻山
90101	飞
90101	非
90101	更见
90101	过于
90101	过逾
90101	很
90101	狠
90101	焦
90101	浇
90101	醮
90101	结实
90101	溜
90101	溜溜
90101	滂
90101	腱
90101	去了
90101	少少
90101	腾
90101	完
90101	兮
90101	稀
90101	兮兮
90101	下来
90102	顶破天
90102	独独
90102	寡是
90102	尽都
90102	了
90103	打棒棒伙
90103	端端
90103	对直
90103	伙倒
90103	红口白牙
90103	黄口白牙
90103	挨排一二
90103	挨一挨二
90103	按倒
90103	骚
90103	抬起
90103	一便脚手
90103	一道脚手
90103	因风倒帆
90103	直端端
90104	包定
90104	便
90104	不警不觉
90104	二甩甩
90104	根笋
90104	红黑
90104	横顺
90104	加怀
90104	恐防
90104	老实话
90104	老实的
90104	老实话的
90104	安心
90104	利边
90104	撩自
90104	取总
90104	现现实实
90104	兴许
90104	也是
90104	一根笋
90104	照说
90104	只怕
90104	兹怕
90104	准定
90105	暴打暴
90105	才将
90105	登即
90105	顿头
90105	哆
90105	跟倒
90105	跟即
90105	赓即
90105	跟身
90105	跟手
90105	下子
90105	几…几…
90105	将猫儿
90105	看倒
90105	看到
90105	看年看月
90105	难逢难遇
90105	立马
90105	立时
90105	落尾
90105	起串串
90105	起𨈓𨈓
90105	牵索不断
90105	先头
90105	现成
90105	要不要
90105	要…要…
90105	依还
90105	直顾
90105	直见
90105	直渐
90105	直是
90105	昼时
90106	长行
90106	扯长
90106	尽
90106	紧
90106	保
90106	尽倒
90106	久不久
90106	时不时
90106	随常
90106	只管
90107	从个的
90107	倒转
90107	得亏
90107	亏得
90107	颠转
90107	反转
90107	敢莫
90107	何犯于
90107	何犯着
90107	将
90107	啷个
90107	哪格
90107	朗个
90107	郎个
90107	嘲个
90107	啷个起的
90107	啷们
90107	搒默倒
90107	偏生
90107	未必
90107	未必然
90107	喜得
90107	喜得好
90107	幸得
90107	幸得好
90107	幸喜得
90107	幸喜得好
90107	已宁
90107	咋
90107	咋个
90107	咋个起的
90107	咋个样
90107	咋样
90107	爪子
90108	不兴
90108	倒…不…
90108	捞屁
90108	捞球
90108	圝不
90202	巴倒
90202	粑倒
90202	指倒
90303	半兴
90303	好道
90303	明说
90303	再
90305	高矮
90305	管得
90305	生死
90305	刷
90306	喊声
90306	啥
90306	说声
90401	……头……脑
90402	啰
90402	罗
90402	咯
90402	喽
90402	娄
90403	安
90403	得嘛
90403	哒嘛
90403	𠺝
90403	嘛
90403	舍
90403	嗦
90403	吔
90403	地
90502	哦嗬
90502	啊嗬
90601	广起广起
90601	呵嗬
90601	呵嗬连天
90601	伊乌牙乌
90603	叮叮咚咚
90603	庚拎刚啷
90603	哩哩喇
